file,line,type,commit,author,date,time,timezone,datetime,depth,length
style.css,1,css,314e455c,qalveen,2025-10-15,16:53:50,-07:00,2025-10-15T16:53:50-07:00,0,41
style.css,2,css,314e455c,qalveen,2025-10-15,16:53:50,-07:00,2025-10-15T16:53:50-07:00,0,5
style.css,3,css,97885adf,qalveen,2025-10-15,16:44:49,-07:00,2025-10-15T16:44:49-07:00,1,23
style.css,4,css,314e455c,qalveen,2025-10-15,16:53:50,-07:00,2025-10-15T16:53:50-07:00,0,0
style.css,5,css,314e455c,qalveen,2025-10-15,16:53:50,-07:00,2025-10-15T16:53:50-07:00,1,24
style.css,6,css,97885adf,qalveen,2025-10-15,16:44:49,-07:00,2025-10-15T16:44:49-07:00,1,34
style.css,7,css,314e455c,qalveen,2025-10-15,16:53:50,-07:00,2025-10-15T16:53:50-07:00,1,38
style.css,8,css,314e455c,qalveen,2025-10-15,16:53:50,-07:00,2025-10-15T16:53:50-07:00,1,16
style.css,9,css,97885adf,qalveen,2025-10-15,16:44:49,-07:00,2025-10-15T16:44:49-07:00,1,18
style.css,10,css,314e455c,qalveen,2025-10-15,16:53:50,-07:00,2025-10-15T16:53:50-07:00,1,14
style.css,11,css,3d865231,qalveen,2025-10-10,16:21:35,-07:00,2025-10-10T16:21:35-07:00,0,0
style.css,12,css,3d865231,qalveen,2025-10-10,16:21:35,-07:00,2025-10-10T16:21:35-07:00,0,0
style.css,13,css,314e455c,qalveen,2025-10-15,16:53:50,-07:00,2025-10-15T16:53:50-07:00,0,46
style.css,14,css,432493ee,qalveen,2025-10-15,17:05:19,-07:00,2025-10-15T17:05:19-07:00,0,19
style.css,15,css,314e455c,qalveen,2025-10-15,16:53:50,-07:00,2025-10-15T16:53:50-07:00,1,34
style.css,16,css,314e455c,qalveen,2025-10-15,16:53:50,-07:00,2025-10-15T16:53:50-07:00,1,38
style.css,17,css,314e455c,qalveen,2025-10-15,16:53:50,-07:00,2025-10-15T16:53:50-07:00,1,30
style.css,18,css,314e455c,qalveen,2025-10-15,16:53:50,-07:00,2025-10-15T16:53:50-07:00,1,27
style.css,19,css,314e455c,qalveen,2025-10-15,16:53:50,-07:00,2025-10-15T16:53:50-07:00,1,28
style.css,20,css,97885adf,qalveen,2025-10-15,16:44:49,-07:00,2025-10-15T16:44:49-07:00,0,0
style.css,21,css,97885adf,qalveen,2025-10-15,16:44:49,-07:00,2025-10-15T16:44:49-07:00,0,0
style.css,22,css,9e8b3c14,qalveen,2025-10-30,14:18:38,-07:00,2025-10-30T14:18:38-07:00,0,30
style.css,23,css,9e8b3c14,qalveen,2025-10-30,14:18:38,-07:00,2025-10-30T14:18:38-07:00,0,11
style.css,24,css,9e8b3c14,qalveen,2025-10-30,14:18:38,-07:00,2025-10-30T14:18:38-07:00,1,60
style.css,25,css,9e8b3c14,qalveen,2025-10-30,14:18:38,-07:00,2025-10-30T14:18:38-07:00,1,49
style.css,26,css,9e8b3c14,qalveen,2025-10-30,14:18:38,-07:00,2025-10-30T14:18:38-07:00,0,0
style.css,27,css,9e8b3c14,qalveen,2025-10-30,14:18:38,-07:00,2025-10-30T14:18:38-07:00,0,0
style.css,28,css,9e8b3c14,qalveen,2025-10-30,14:18:38,-07:00,2025-10-30T14:18:38-07:00,0,15
style.css,29,css,9e8b3c14,qalveen,2025-10-30,14:18:38,-07:00,2025-10-30T14:18:38-07:00,1,51
style.css,30,css,9e8b3c14,qalveen,2025-10-30,14:18:38,-07:00,2025-10-30T14:18:38-07:00,1,45
style.css,31,css,9e8b3c14,qalveen,2025-10-30,14:18:38,-07:00,2025-10-30T14:18:38-07:00,1,52
style.css,32,css,9e8b3c14,qalveen,2025-10-30,14:18:38,-07:00,2025-10-30T14:18:38-07:00,1,13
style.css,33,css,9e8b3c14,qalveen,2025-10-30,14:18:38,-07:00,2025-10-30T14:18:38-07:00,0,0
style.css,34,css,9e8b3c14,qalveen,2025-10-30,14:18:38,-07:00,2025-10-30T14:18:38-07:00,0,0
style.css,35,css,9e8b3c14,qalveen,2025-10-30,14:18:38,-07:00,2025-10-30T14:18:38-07:00,0,0
style.css,36,css,97885adf,qalveen,2025-10-15,16:44:49,-07:00,2025-10-15T16:44:49-07:00,0,30
style.css,37,css,41f2e683,qalveen,2025-10-03,15:51:31,-07:00,2025-10-03T15:51:31-07:00,0,4
style.css,38,css,314e455c,qalveen,2025-10-15,16:53:50,-07:00,2025-10-15T16:53:50-07:00,1,26
style.css,39,css,97885adf,qalveen,2025-10-15,16:44:49,-07:00,2025-10-15T16:44:49-07:00,1,23
style.css,40,css,97885adf,qalveen,2025-10-15,16:44:49,-07:00,2025-10-15T16:44:49-07:00,1,33
style.css,41,css,97885adf,qalveen,2025-10-15,16:44:49,-07:00,2025-10-15T16:44:49-07:00,1,14
style.css,42,css,97885adf,qalveen,2025-10-15,16:44:49,-07:00,2025-10-15T16:44:49-07:00,1,15
style.css,43,css,97885adf,qalveen,2025-10-15,16:44:49,-07:00,2025-10-15T16:44:49-07:00,1,8
style.css,44,css,194e6105,qalveen,2025-10-10,16:03:50,-07:00,2025-10-10T16:03:50-07:00,1,15
style.css,45,css,97885adf,qalveen,2025-10-15,16:44:49,-07:00,2025-10-15T16:44:49-07:00,1,18
style.css,46,css,314e455c,qalveen,2025-10-15,16:53:50,-07:00,2025-10-15T16:53:50-07:00,1,18
style.css,47,css,314e455c,qalveen,2025-10-15,16:53:50,-07:00,2025-10-15T16:53:50-07:00,1,48
style.css,48,css,194e6105,qalveen,2025-10-10,16:03:50,-07:00,2025-10-10T16:03:50-07:00,0,0
style.css,49,css,97885adf,qalveen,2025-10-15,16:44:49,-07:00,2025-10-15T16:44:49-07:00,0,0
style.css,50,css,97885adf,qalveen,2025-10-15,16:44:49,-07:00,2025-10-15T16:44:49-07:00,0,36
style.css,51,css,386959d9,qalveen,2025-10-15,16:28:34,-07:00,2025-10-15T16:28:34-07:00,0,3
style.css,52,css,5c3ff8e6,qalveen,2025-10-10,16:24:38,-07:00,2025-10-10T16:24:38-07:00,1,12
style.css,53,css,386959d9,qalveen,2025-10-15,16:28:34,-07:00,2025-10-15T16:28:34-07:00,1,22
style.css,54,css,5c3ff8e6,qalveen,2025-10-10,16:24:38,-07:00,2025-10-10T16:24:38-07:00,1,18
style.css,55,css,97885adf,qalveen,2025-10-15,16:44:49,-07:00,2025-10-15T16:44:49-07:00,1,7
style.css,56,css,314e455c,qalveen,2025-10-15,16:53:50,-07:00,2025-10-15T16:53:50-07:00,1,24
style.css,57,css,314e455c,qalveen,2025-10-15,16:53:50,-07:00,2025-10-15T16:53:50-07:00,1,43
style.css,58,css,b49d818b,qalveen,2025-10-15,16:47:56,-07:00,2025-10-15T16:47:56-07:00,1,13
style.css,59,css,475c210f,qalveen,2025-10-15,16:37:56,-07:00,2025-10-15T16:37:56-07:00,1,10
style.css,60,css,194e6105,qalveen,2025-10-10,16:03:50,-07:00,2025-10-10T16:03:50-07:00,0,0
style.css,61,css,194e6105,qalveen,2025-10-10,16:03:50,-07:00,2025-10-10T16:03:50-07:00,0,0
style.css,62,css,194e6105,qalveen,2025-10-10,16:03:50,-07:00,2025-10-10T16:03:50-07:00,0,5
style.css,63,css,194e6105,qalveen,2025-10-10,16:03:50,-07:00,2025-10-10T16:03:50-07:00,1,20
style.css,64,css,475c210f,qalveen,2025-10-15,16:37:56,-07:00,2025-10-15T16:37:56-07:00,1,23
style.css,65,css,314e455c,qalveen,2025-10-15,16:53:50,-07:00,2025-10-15T16:53:50-07:00,1,15
style.css,66,css,314e455c,qalveen,2025-10-15,16:53:50,-07:00,2025-10-15T16:53:50-07:00,1,17
style.css,67,css,314e455c,qalveen,2025-10-15,16:53:50,-07:00,2025-10-15T16:53:50-07:00,1,20
style.css,68,css,314e455c,qalveen,2025-10-15,16:53:50,-07:00,2025-10-15T16:53:50-07:00,1,27
style.css,69,css,194e6105,qalveen,2025-10-10,16:03:50,-07:00,2025-10-10T16:03:50-07:00,0,0
style.css,70,css,194e6105,qalveen,2025-10-10,16:03:50,-07:00,2025-10-10T16:03:50-07:00,0,0
style.css,71,css,314e455c,qalveen,2025-10-15,16:53:50,-07:00,2025-10-15T16:53:50-07:00,0,20
style.css,72,css,314e455c,qalveen,2025-10-15,16:53:50,-07:00,2025-10-15T16:53:50-07:00,0,12
style.css,73,css,314e455c,qalveen,2025-10-15,16:53:50,-07:00,2025-10-15T16:53:50-07:00,1,10
style.css,74,css,314e455c,qalveen,2025-10-15,16:53:50,-07:00,2025-10-15T16:53:50-07:00,1,17
style.css,75,css,314e455c,qalveen,2025-10-15,16:53:50,-07:00,2025-10-15T16:53:50-07:00,1,6
style.css,76,css,314e455c,qalveen,2025-10-15,16:53:50,-07:00,2025-10-15T16:53:50-07:00,1,8
style.css,77,css,314e455c,qalveen,2025-10-15,16:53:50,-07:00,2025-10-15T16:53:50-07:00,1,10
style.css,78,css,314e455c,qalveen,2025-10-15,16:53:50,-07:00,2025-10-15T16:53:50-07:00,1,12
style.css,79,css,314e455c,qalveen,2025-10-15,16:53:50,-07:00,2025-10-15T16:53:50-07:00,1,30
style.css,80,css,314e455c,qalveen,2025-10-15,16:53:50,-07:00,2025-10-15T16:53:50-07:00,1,19
style.css,81,css,314e455c,qalveen,2025-10-15,16:53:50,-07:00,2025-10-15T16:53:50-07:00,1,21
style.css,82,css,314e455c,qalveen,2025-10-15,16:53:50,-07:00,2025-10-15T16:53:50-07:00,1,54
style.css,83,css,194e6105,qalveen,2025-10-10,16:03:50,-07:00,2025-10-10T16:03:50-07:00,0,0
style.css,84,css,194e6105,qalveen,2025-10-10,16:03:50,-07:00,2025-10-10T16:03:50-07:00,0,0
style.css,85,css,314e455c,qalveen,2025-10-15,16:53:50,-07:00,2025-10-15T16:53:50-07:00,0,18
style.css,86,css,314e455c,qalveen,2025-10-15,16:53:50,-07:00,2025-10-15T16:53:50-07:00,1,19
style.css,87,css,314e455c,qalveen,2025-10-15,16:53:50,-07:00,2025-10-15T16:53:50-07:00,1,30
style.css,88,css,97885adf,qalveen,2025-10-15,16:44:49,-07:00,2025-10-15T16:44:49-07:00,0,0
style.css,89,css,97885adf,qalveen,2025-10-15,16:44:49,-07:00,2025-10-15T16:44:49-07:00,0,0
style.css,90,css,314e455c,qalveen,2025-10-15,16:53:50,-07:00,2025-10-15T16:53:50-07:00,0,20
style.css,91,css,314e455c,qalveen,2025-10-15,16:53:50,-07:00,2025-10-15T16:53:50-07:00,1,21
style.css,92,css,314e455c,qalveen,2025-10-15,16:53:50,-07:00,2025-10-15T16:53:50-07:00,1,30
style.css,93,css,314e455c,qalveen,2025-10-15,16:53:50,-07:00,2025-10-15T16:53:50-07:00,0,0
style.css,94,css,314e455c,qalveen,2025-10-15,16:53:50,-07:00,2025-10-15T16:53:50-07:00,0,0
style.css,95,css,314e455c,qalveen,2025-10-15,16:53:50,-07:00,2025-10-15T16:53:50-07:00,0,38
style.css,96,css,97885adf,qalveen,2025-10-15,16:44:49,-07:00,2025-10-15T16:44:49-07:00,0,13
style.css,97,css,314e455c,qalveen,2025-10-15,16:53:50,-07:00,2025-10-15T16:53:50-07:00,1,14
style.css,98,css,314e455c,qalveen,2025-10-15,16:53:50,-07:00,2025-10-15T16:53:50-07:00,1,9
style.css,99,css,314e455c,qalveen,2025-10-15,16:53:50,-07:00,2025-10-15T16:53:50-07:00,1,9
style.css,100,css,97885adf,qalveen,2025-10-15,16:44:49,-07:00,2025-10-15T16:44:49-07:00,1,16
style.css,101,css,97885adf,qalveen,2025-10-15,16:44:49,-07:00,2025-10-15T16:44:49-07:00,1,23
style.css,102,css,314e455c,qalveen,2025-10-15,16:53:50,-07:00,2025-10-15T16:53:50-07:00,1,12
style.css,103,css,314e455c,qalveen,2025-10-15,16:53:50,-07:00,2025-10-15T16:53:50-07:00,1,18
style.css,104,css,314e455c,qalveen,2025-10-15,16:53:50,-07:00,2025-10-15T16:53:50-07:00,1,9
style.css,105,css,314e455c,qalveen,2025-10-15,16:53:50,-07:00,2025-10-15T16:53:50-07:00,1,24
style.css,106,css,314e455c,qalveen,2025-10-15,16:53:50,-07:00,2025-10-15T16:53:50-07:00,1,36
style.css,107,css,314e455c,qalveen,2025-10-15,16:53:50,-07:00,2025-10-15T16:53:50-07:00,1,19
style.css,108,css,314e455c,qalveen,2025-10-15,16:53:50,-07:00,2025-10-15T16:53:50-07:00,1,19
style.css,109,css,97885adf,qalveen,2025-10-15,16:44:49,-07:00,2025-10-15T16:44:49-07:00,0,0
style.css,110,css,97885adf,qalveen,2025-10-15,16:44:49,-07:00,2025-10-15T16:44:49-07:00,0,0
style.css,111,css,97885adf,qalveen,2025-10-15,16:44:49,-07:00,2025-10-15T16:44:49-07:00,0,20
style.css,112,css,97885adf,qalveen,2025-10-15,16:44:49,-07:00,2025-10-15T16:44:49-07:00,1,24
style.css,113,css,97885adf,qalveen,2025-10-15,16:44:49,-07:00,2025-10-15T16:44:49-07:00,1,23
style.css,114,css,314e455c,qalveen,2025-10-15,16:53:50,-07:00,2025-10-15T16:53:50-07:00,1,11
style.css,115,css,314e455c,qalveen,2025-10-15,16:53:50,-07:00,2025-10-15T16:53:50-07:00,1,12
style.css,116,css,97885adf,qalveen,2025-10-15,16:44:49,-07:00,2025-10-15T16:44:49-07:00,0,0
style.css,117,css,97885adf,qalveen,2025-10-15,16:44:49,-07:00,2025-10-15T16:44:49-07:00,0,0
style.css,118,css,97885adf,qalveen,2025-10-15,16:44:49,-07:00,2025-10-15T16:44:49-07:00,0,34
style.css,119,css,b49d818b,qalveen,2025-10-15,16:47:56,-07:00,2025-10-15T16:47:56-07:00,0,22
style.css,120,css,b49d818b,qalveen,2025-10-15,16:47:56,-07:00,2025-10-15T16:47:56-07:00,1,15
style.css,121,css,b49d818b,qalveen,2025-10-15,16:47:56,-07:00,2025-10-15T16:47:56-07:00,1,17
style.css,122,css,b49d818b,qalveen,2025-10-15,16:47:56,-07:00,2025-10-15T16:47:56-07:00,0,0
style.css,123,css,b49d818b,qalveen,2025-10-15,16:47:56,-07:00,2025-10-15T16:47:56-07:00,0,0
style.css,124,css,97885adf,qalveen,2025-10-15,16:44:49,-07:00,2025-10-15T16:44:49-07:00,0,2
style.css,125,css,97885adf,qalveen,2025-10-15,16:44:49,-07:00,2025-10-15T16:44:49-07:00,1,14
style.css,126,css,97885adf,qalveen,2025-10-15,16:44:49,-07:00,2025-10-15T16:44:49-07:00,1,15
style.css,127,css,314e455c,qalveen,2025-10-15,16:53:50,-07:00,2025-10-15T16:53:50-07:00,1,14
style.css,128,css,97885adf,qalveen,2025-10-15,16:44:49,-07:00,2025-10-15T16:44:49-07:00,0,0
style.css,129,css,97885adf,qalveen,2025-10-15,16:44:49,-07:00,2025-10-15T16:44:49-07:00,0,0
style.css,130,css,b49d818b,qalveen,2025-10-15,16:47:56,-07:00,2025-10-15T16:47:56-07:00,0,38
style.css,131,css,b49d818b,qalveen,2025-10-15,16:47:56,-07:00,2025-10-15T16:47:56-07:00,0,4
style.css,132,css,b49d818b,qalveen,2025-10-15,16:47:56,-07:00,2025-10-15T16:47:56-07:00,1,12
style.css,133,css,b49d818b,qalveen,2025-10-15,16:47:56,-07:00,2025-10-15T16:47:56-07:00,1,30
style.css,134,css,314e455c,qalveen,2025-10-15,16:53:50,-07:00,2025-10-15T16:53:50-07:00,1,13
style.css,135,css,b49d818b,qalveen,2025-10-15,16:47:56,-07:00,2025-10-15T16:47:56-07:00,1,12
style.css,136,css,b49d818b,qalveen,2025-10-15,16:47:56,-07:00,2025-10-15T16:47:56-07:00,1,16
style.css,137,css,b49d818b,qalveen,2025-10-15,16:47:56,-07:00,2025-10-15T16:47:56-07:00,1,18
style.css,138,css,b49d818b,qalveen,2025-10-15,16:47:56,-07:00,2025-10-15T16:47:56-07:00,0,0
style.css,139,css,b49d818b,qalveen,2025-10-15,16:47:56,-07:00,2025-10-15T16:47:56-07:00,0,0
style.css,140,css,b49d818b,qalveen,2025-10-15,16:47:56,-07:00,2025-10-15T16:47:56-07:00,0,5
style.css,141,css,b49d818b,qalveen,2025-10-15,16:47:56,-07:00,2025-10-15T16:47:56-07:00,1,16
style.css,142,css,b49d818b,qalveen,2025-10-15,16:47:56,-07:00,2025-10-15T16:47:56-07:00,0,0
style.css,143,css,b49d818b,qalveen,2025-10-15,16:47:56,-07:00,2025-10-15T16:47:56-07:00,0,0
style.css,144,css,b49d818b,qalveen,2025-10-15,16:47:56,-07:00,2025-10-15T16:47:56-07:00,0,10
style.css,145,css,b49d818b,qalveen,2025-10-15,16:47:56,-07:00,2025-10-15T16:47:56-07:00,1,16
style.css,146,css,b49d818b,qalveen,2025-10-15,16:47:56,-07:00,2025-10-15T16:47:56-07:00,1,15
style.css,147,css,b49d818b,qalveen,2025-10-15,16:47:56,-07:00,2025-10-15T16:47:56-07:00,0,0
style.css,148,css,b49d818b,qalveen,2025-10-15,16:47:56,-07:00,2025-10-15T16:47:56-07:00,0,0
style.css,149,css,b49d818b,qalveen,2025-10-15,16:47:56,-07:00,2025-10-15T16:47:56-07:00,0,4
style.css,150,css,b49d818b,qalveen,2025-10-15,16:47:56,-07:00,2025-10-15T16:47:56-07:00,0,8
style.css,151,css,b49d818b,qalveen,2025-10-15,16:47:56,-07:00,2025-10-15T16:47:56-07:00,1,12
style.css,152,css,b49d818b,qalveen,2025-10-15,16:47:56,-07:00,2025-10-15T16:47:56-07:00,1,10
style.css,153,css,314e455c,qalveen,2025-10-15,16:53:50,-07:00,2025-10-15T16:53:50-07:00,1,22
style.css,154,css,314e455c,qalveen,2025-10-15,16:53:50,-07:00,2025-10-15T16:53:50-07:00,1,23
style.css,155,css,314e455c,qalveen,2025-10-15,16:53:50,-07:00,2025-10-15T16:53:50-07:00,1,36
style.css,156,css,314e455c,qalveen,2025-10-15,16:53:50,-07:00,2025-10-15T16:53:50-07:00,1,19
style.css,157,css,314e455c,qalveen,2025-10-15,16:53:50,-07:00,2025-10-15T16:53:50-07:00,1,13
style.css,158,css,b49d818b,qalveen,2025-10-15,16:47:56,-07:00,2025-10-15T16:47:56-07:00,0,0
style.css,159,css,b49d818b,qalveen,2025-10-15,16:47:56,-07:00,2025-10-15T16:47:56-07:00,0,0
style.css,160,css,b49d818b,qalveen,2025-10-15,16:47:56,-07:00,2025-10-15T16:47:56-07:00,0,8
style.css,161,css,b49d818b,qalveen,2025-10-15,16:47:56,-07:00,2025-10-15T16:47:56-07:00,1,15
style.css,162,css,b49d818b,qalveen,2025-10-15,16:47:56,-07:00,2025-10-15T16:47:56-07:00,0,0
style.css,163,css,b49d818b,qalveen,2025-10-15,16:47:56,-07:00,2025-10-15T16:47:56-07:00,0,0
style.css,164,css,b49d818b,qalveen,2025-10-15,16:47:56,-07:00,2025-10-15T16:47:56-07:00,0,6
style.css,165,css,b49d818b,qalveen,2025-10-15,16:47:56,-07:00,2025-10-15T16:47:56-07:00,1,18
style.css,166,css,b49d818b,qalveen,2025-10-15,16:47:56,-07:00,2025-10-15T16:47:56-07:00,1,12
style.css,167,css,314e455c,qalveen,2025-10-15,16:53:50,-07:00,2025-10-15T16:53:50-07:00,1,30
style.css,168,css,314e455c,qalveen,2025-10-15,16:53:50,-07:00,2025-10-15T16:53:50-07:00,1,11
style.css,169,css,314e455c,qalveen,2025-10-15,16:53:50,-07:00,2025-10-15T16:53:50-07:00,1,13
style.css,170,css,b49d818b,qalveen,2025-10-15,16:47:56,-07:00,2025-10-15T16:47:56-07:00,1,14
style.css,171,css,b49d818b,qalveen,2025-10-15,16:47:56,-07:00,2025-10-15T16:47:56-07:00,1,19
style.css,172,css,314e455c,qalveen,2025-10-15,16:53:50,-07:00,2025-10-15T16:53:50-07:00,1,23
style.css,173,css,b49d818b,qalveen,2025-10-15,16:47:56,-07:00,2025-10-15T16:47:56-07:00,0,0
style.css,174,css,b49d818b,qalveen,2025-10-15,16:47:56,-07:00,2025-10-15T16:47:56-07:00,0,0
style.css,175,css,b49d818b,qalveen,2025-10-15,16:47:56,-07:00,2025-10-15T16:47:56-07:00,0,12
style.css,176,css,b49d818b,qalveen,2025-10-15,16:47:56,-07:00,2025-10-15T16:47:56-07:00,1,30
style.css,177,css,b49d818b,qalveen,2025-10-15,16:47:56,-07:00,2025-10-15T16:47:56-07:00,1,11
style.css,178,css,b49d818b,qalveen,2025-10-15,16:47:56,-07:00,2025-10-15T16:47:56-07:00,0,0
style.css,179,css,b49d818b,qalveen,2025-10-15,16:47:56,-07:00,2025-10-15T16:47:56-07:00,0,0
style.css,180,css,314e455c,qalveen,2025-10-15,16:53:50,-07:00,2025-10-15T16:53:50-07:00,0,34
style.css,181,css,97885adf,qalveen,2025-10-15,16:44:49,-07:00,2025-10-15T16:44:49-07:00,0,9
style.css,182,css,97885adf,qalveen,2025-10-15,16:44:49,-07:00,2025-10-15T16:44:49-07:00,1,12
style.css,183,css,b49d818b,qalveen,2025-10-15,16:47:56,-07:00,2025-10-15T16:47:56-07:00,1,58
style.css,184,css,b49d818b,qalveen,2025-10-15,16:47:56,-07:00,2025-10-15T16:47:56-07:00,1,7
style.css,185,css,b49d818b,qalveen,2025-10-15,16:47:56,-07:00,2025-10-15T16:47:56-07:00,1,16
style.css,186,css,b49d818b,qalveen,2025-10-15,16:47:56,-07:00,2025-10-15T16:47:56-07:00,0,0
style.css,187,css,b49d818b,qalveen,2025-10-15,16:47:56,-07:00,2025-10-15T16:47:56-07:00,0,0
style.css,188,css,97885adf,qalveen,2025-10-15,16:44:49,-07:00,2025-10-15T16:44:49-07:00,0,17
style.css,189,css,b49d818b,qalveen,2025-10-15,16:47:56,-07:00,2025-10-15T16:47:56-07:00,1,36
style.css,190,css,b49d818b,qalveen,2025-10-15,16:47:56,-07:00,2025-10-15T16:47:56-07:00,1,19
style.css,191,css,314e455c,qalveen,2025-10-15,16:53:50,-07:00,2025-10-15T16:53:50-07:00,1,32
style.css,192,css,26ca94a7,qalveen,2025-10-10,16:51:24,-07:00,2025-10-10T16:51:24-07:00,1,11
style.css,193,css,26ca94a7,qalveen,2025-10-10,16:51:24,-07:00,2025-10-10T16:51:24-07:00,1,52
style.css,194,css,26ca94a7,qalveen,2025-10-10,16:51:24,-07:00,2025-10-10T16:51:24-07:00,0,0
style.css,195,css,26ca94a7,qalveen,2025-10-10,16:51:24,-07:00,2025-10-10T16:51:24-07:00,0,0
style.css,196,css,26ca94a7,qalveen,2025-10-10,16:51:24,-07:00,2025-10-10T16:51:24-07:00,0,23
style.css,197,css,26ca94a7,qalveen,2025-10-10,16:51:24,-07:00,2025-10-10T16:51:24-07:00,1,26
style.css,198,css,314e455c,qalveen,2025-10-15,16:53:50,-07:00,2025-10-15T16:53:50-07:00,1,40
style.css,199,css,26ca94a7,qalveen,2025-10-10,16:51:24,-07:00,2025-10-10T16:51:24-07:00,0,0
style.css,200,css,26ca94a7,qalveen,2025-10-10,16:51:24,-07:00,2025-10-10T16:51:24-07:00,0,0
style.css,201,css,65aee889,qalveen,2025-10-10,16:57:23,-07:00,2025-10-10T16:57:23-07:00,0,37
style.css,202,css,65aee889,qalveen,2025-10-10,16:57:23,-07:00,2025-10-10T16:57:23-07:00,0,7
style.css,203,css,65aee889,qalveen,2025-10-10,16:57:23,-07:00,2025-10-10T16:57:23-07:00,1,11
style.css,204,css,65aee889,qalveen,2025-10-10,16:57:23,-07:00,2025-10-10T16:57:23-07:00,1,17
style.css,205,css,314e455c,qalveen,2025-10-15,16:53:50,-07:00,2025-10-15T16:53:50-07:00,1,40
style.css,206,css,65aee889,qalveen,2025-10-10,16:57:23,-07:00,2025-10-10T16:57:23-07:00,1,16
style.css,207,css,314e455c,qalveen,2025-10-15,16:53:50,-07:00,2025-10-15T16:53:50-07:00,1,26
style.css,208,css,65aee889,qalveen,2025-10-10,16:57:23,-07:00,2025-10-10T16:57:23-07:00,0,0
style.css,209,css,65aee889,qalveen,2025-10-10,16:57:23,-07:00,2025-10-10T16:57:23-07:00,0,0
style.css,210,css,65aee889,qalveen,2025-10-10,16:57:23,-07:00,2025-10-10T16:57:23-07:00,0,10
style.css,211,css,65aee889,qalveen,2025-10-10,16:57:23,-07:00,2025-10-10T16:57:23-07:00,1,14
style.css,212,css,314e455c,qalveen,2025-10-15,16:53:50,-07:00,2025-10-15T16:53:50-07:00,1,25
style.css,213,css,314e455c,qalveen,2025-10-15,16:53:50,-07:00,2025-10-15T16:53:50-07:00,1,43
style.css,214,css,65aee889,qalveen,2025-10-10,16:57:23,-07:00,2025-10-10T16:57:23-07:00,1,20
style.css,215,css,65aee889,qalveen,2025-10-10,16:57:23,-07:00,2025-10-10T16:57:23-07:00,0,0
style.css,216,css,873272a8,qalveen,2025-10-24,18:53:56,-07:00,2025-10-24T18:53:56-07:00,0,0
style.css,217,css,873272a8,qalveen,2025-10-24,18:53:56,-07:00,2025-10-24T18:53:56-07:00,0,17
style.css,218,css,873272a8,qalveen,2025-10-24,18:53:56,-07:00,2025-10-24T18:53:56-07:00,1,12
style.css,219,css,873272a8,qalveen,2025-10-24,18:53:56,-07:00,2025-10-24T18:53:56-07:00,1,36
style.css,220,css,873272a8,qalveen,2025-10-24,18:53:56,-07:00,2025-10-24T18:53:56-07:00,1,10
style.css,221,css,873272a8,qalveen,2025-10-24,18:53:56,-07:00,2025-10-24T18:53:56-07:00,1,17
style.css,222,css,873272a8,qalveen,2025-10-24,18:53:56,-07:00,2025-10-24T18:53:56-07:00,1,27
style.css,223,css,873272a8,qalveen,2025-10-24,18:53:56,-07:00,2025-10-24T18:53:56-07:00,1,12
style.css,224,css,873272a8,qalveen,2025-10-24,18:53:56,-07:00,2025-10-24T18:53:56-07:00,1,20
style.css,225,css,873272a8,qalveen,2025-10-24,18:53:56,-07:00,2025-10-24T18:53:56-07:00,1,26
style.css,226,css,873272a8,qalveen,2025-10-24,18:53:56,-07:00,2025-10-24T18:53:56-07:00,1,15
style.css,227,css,873272a8,qalveen,2025-10-24,18:53:56,-07:00,2025-10-24T18:53:56-07:00,0,0
style.css,228,css,873272a8,qalveen,2025-10-24,18:53:56,-07:00,2025-10-24T18:53:56-07:00,0,0
style.css,229,css,873272a8,qalveen,2025-10-24,18:53:56,-07:00,2025-10-24T18:53:56-07:00,0,17
style.css,230,css,873272a8,qalveen,2025-10-24,18:53:56,-07:00,2025-10-24T18:53:56-07:00,1,16
style.css,231,css,873272a8,qalveen,2025-10-24,18:53:56,-07:00,2025-10-24T18:53:56-07:00,1,10
style.css,232,css,873272a8,qalveen,2025-10-24,18:53:56,-07:00,2025-10-24T18:53:56-07:00,0,0
style.css,233,css,873272a8,qalveen,2025-10-24,18:53:56,-07:00,2025-10-24T18:53:56-07:00,0,0
style.css,234,css,873272a8,qalveen,2025-10-24,18:53:56,-07:00,2025-10-24T18:53:56-07:00,0,17
style.css,235,css,873272a8,qalveen,2025-10-24,18:53:56,-07:00,2025-10-24T18:53:56-07:00,1,8
style.css,236,css,873272a8,qalveen,2025-10-24,18:53:56,-07:00,2025-10-24T18:53:56-07:00,1,10
style.css,237,css,873272a8,qalveen,2025-10-24,18:53:56,-07:00,2025-10-24T18:53:56-07:00,0,0
style.css,238,css,873272a8,qalveen,2025-10-24,18:53:56,-07:00,2025-10-24T18:53:56-07:00,0,0
style.css,239,css,54c4f6cd,qalveen,2025-10-31,00:04:17,-07:00,2025-10-31T00:04:17-07:00,0,13
style.css,240,css,54c4f6cd,qalveen,2025-10-31,00:04:17,-07:00,2025-10-31T00:04:17-07:00,1,16
style.css,241,css,54c4f6cd,qalveen,2025-10-31,00:04:17,-07:00,2025-10-31T00:04:17-07:00,1,17
style.css,242,css,54c4f6cd,qalveen,2025-10-31,00:04:17,-07:00,2025-10-31T00:04:17-07:00,1,16
style.css,243,css,54c4f6cd,qalveen,2025-10-31,00:04:17,-07:00,2025-10-31T00:04:17-07:00,1,11
style.css,244,css,54c4f6cd,qalveen,2025-10-31,00:04:17,-07:00,2025-10-31T00:04:17-07:00,1,21
style.css,245,css,54c4f6cd,qalveen,2025-10-31,00:04:17,-07:00,2025-10-31T00:04:17-07:00,0,0
style.css,246,css,54c4f6cd,qalveen,2025-10-31,00:04:17,-07:00,2025-10-31T00:04:17-07:00,0,0
style.css,247,css,54c4f6cd,qalveen,2025-10-31,00:04:17,-07:00,2025-10-31T00:04:17-07:00,0,18
style.css,248,css,54c4f6cd,qalveen,2025-10-31,00:04:17,-07:00,2025-10-31T00:04:17-07:00,1,14
style.css,249,css,54c4f6cd,qalveen,2025-10-31,00:04:17,-07:00,2025-10-31T00:04:17-07:00,1,16
style.css,250,css,54c4f6cd,qalveen,2025-10-31,00:04:17,-07:00,2025-10-31T00:04:17-07:00,1,16
style.css,251,css,54c4f6cd,qalveen,2025-10-31,00:04:17,-07:00,2025-10-31T00:04:17-07:00,0,0
style.css,252,css,54c4f6cd,qalveen,2025-10-31,00:04:17,-07:00,2025-10-31T00:04:17-07:00,0,0
style.css,253,css,54c4f6cd,qalveen,2025-10-31,00:04:17,-07:00,2025-10-31T00:04:17-07:00,0,0
style.css,254,css,54c4f6cd,qalveen,2025-10-31,00:04:17,-07:00,2025-10-31T00:04:17-07:00,0,32
style.css,255,css,54c4f6cd,qalveen,2025-10-31,00:04:17,-07:00,2025-10-31T00:04:17-07:00,0,14
style.css,256,css,54c4f6cd,qalveen,2025-10-31,00:04:17,-07:00,2025-10-31T00:04:17-07:00,1,12
style.css,257,css,54c4f6cd,qalveen,2025-10-31,00:04:17,-07:00,2025-10-31T00:04:17-07:00,1,18
style.css,258,css,54c4f6cd,qalveen,2025-10-31,00:04:17,-07:00,2025-10-31T00:04:17-07:00,1,7
style.css,259,css,54c4f6cd,qalveen,2025-10-31,00:04:17,-07:00,2025-10-31T00:04:17-07:00,1,14
style.css,260,css,54c4f6cd,qalveen,2025-10-31,00:04:17,-07:00,2025-10-31T00:04:17-07:00,0,0
style.css,261,css,54c4f6cd,qalveen,2025-10-31,00:04:17,-07:00,2025-10-31T00:04:17-07:00,0,0
style.css,262,css,54c4f6cd,qalveen,2025-10-31,00:04:17,-07:00,2025-10-31T00:04:17-07:00,0,27
style.css,263,css,54c4f6cd,qalveen,2025-10-31,00:04:17,-07:00,2025-10-31T00:04:17-07:00,0,7
style.css,264,css,54c4f6cd,qalveen,2025-10-31,00:04:17,-07:00,2025-10-31T00:04:17-07:00,1,12
style.css,265,css,54c4f6cd,qalveen,2025-10-31,00:04:17,-07:00,2025-10-31T00:04:17-07:00,1,57
style.css,266,css,54c4f6cd,qalveen,2025-10-31,00:04:17,-07:00,2025-10-31T00:04:17-07:00,1,7
style.css,267,css,54c4f6cd,qalveen,2025-10-31,00:04:17,-07:00,2025-10-31T00:04:17-07:00,1,15
style.css,268,css,54c4f6cd,qalveen,2025-10-31,00:04:17,-07:00,2025-10-31T00:04:17-07:00,1,11
style.css,269,css,54c4f6cd,qalveen,2025-10-31,00:04:17,-07:00,2025-10-31T00:04:17-07:00,1,36
style.css,270,css,54c4f6cd,qalveen,2025-10-31,00:04:17,-07:00,2025-10-31T00:04:17-07:00,1,19
style.css,271,css,54c4f6cd,qalveen,2025-10-31,00:04:17,-07:00,2025-10-31T00:04:17-07:00,1,43
style.css,272,css,54c4f6cd,qalveen,2025-10-31,00:04:17,-07:00,2025-10-31T00:04:17-07:00,0,0
style.css,273,css,54c4f6cd,qalveen,2025-10-31,00:04:17,-07:00,2025-10-31T00:04:17-07:00,0,0
style.css,274,css,54c4f6cd,qalveen,2025-10-31,00:04:17,-07:00,2025-10-31T00:04:17-07:00,0,28
style.css,275,css,54c4f6cd,qalveen,2025-10-31,00:04:17,-07:00,2025-10-31T00:04:17-07:00,0,12
style.css,276,css,54c4f6cd,qalveen,2025-10-31,00:04:17,-07:00,2025-10-31T00:04:17-07:00,1,12
style.css,277,css,54c4f6cd,qalveen,2025-10-31,00:04:17,-07:00,2025-10-31T00:04:17-07:00,1,18
style.css,278,css,54c4f6cd,qalveen,2025-10-31,00:04:17,-07:00,2025-10-31T00:04:17-07:00,1,46
style.css,279,css,54c4f6cd,qalveen,2025-10-31,00:04:17,-07:00,2025-10-31T00:04:17-07:00,0,0
style.css,280,css,54c4f6cd,qalveen,2025-10-31,00:04:17,-07:00,2025-10-31T00:04:17-07:00,0,0
style.css,281,css,54c4f6cd,qalveen,2025-10-31,00:04:17,-07:00,2025-10-31T00:04:17-07:00,0,16
style.css,282,css,54c4f6cd,qalveen,2025-10-31,00:04:17,-07:00,2025-10-31T00:04:17-07:00,0,20
style.css,283,css,54c4f6cd,qalveen,2025-10-31,00:04:17,-07:00,2025-10-31T00:04:17-07:00,1,9
style.css,284,css,54c4f6cd,qalveen,2025-10-31,00:04:17,-07:00,2025-10-31T00:04:17-07:00,1,10
style.css,285,css,54c4f6cd,qalveen,2025-10-31,00:04:17,-07:00,2025-10-31T00:04:17-07:00,1,23
style.css,286,css,54c4f6cd,qalveen,2025-10-31,00:04:17,-07:00,2025-10-31T00:04:17-07:00,1,17
style.css,287,css,54c4f6cd,qalveen,2025-10-31,00:04:17,-07:00,2025-10-31T00:04:17-07:00,1,20
style.css,288,css,54c4f6cd,qalveen,2025-10-31,00:04:17,-07:00,2025-10-31T00:04:17-07:00,0,0
style.css,289,css,54c4f6cd,qalveen,2025-10-31,00:04:17,-07:00,2025-10-31T00:04:17-07:00,0,0
style.css,290,css,54c4f6cd,qalveen,2025-10-31,00:04:17,-07:00,2025-10-31T00:04:17-07:00,0,10
style.css,291,css,54c4f6cd,qalveen,2025-10-31,00:04:17,-07:00,2025-10-31T00:04:17-07:00,1,14
style.css,292,css,54c4f6cd,qalveen,2025-10-31,00:04:17,-07:00,2025-10-31T00:04:17-07:00,1,17
style.css,293,css,54c4f6cd,qalveen,2025-10-31,00:04:17,-07:00,2025-10-31T00:04:17-07:00,1,14
style.css,294,css,54c4f6cd,qalveen,2025-10-31,00:04:17,-07:00,2025-10-31T00:04:17-07:00,1,17
style.css,295,css,54c4f6cd,qalveen,2025-10-31,00:04:17,-07:00,2025-10-31T00:04:17-07:00,1,36
style.css,296,css,54c4f6cd,qalveen,2025-10-31,00:04:17,-07:00,2025-10-31T00:04:17-07:00,1,10
style.css,297,css,54c4f6cd,qalveen,2025-10-31,00:04:17,-07:00,2025-10-31T00:04:17-07:00,1,15
style.css,298,css,54c4f6cd,qalveen,2025-10-31,00:04:17,-07:00,2025-10-31T00:04:17-07:00,0,0
style.css,299,css,54c4f6cd,qalveen,2025-10-31,00:04:17,-07:00,2025-10-31T00:04:17-07:00,0,0
style.css,300,css,54c4f6cd,qalveen,2025-10-31,00:04:17,-07:00,2025-10-31T00:04:17-07:00,0,31
style.css,301,css,54c4f6cd,qalveen,2025-10-31,00:04:17,-07:00,2025-10-31T00:04:17-07:00,0,51
style.css,302,css,54c4f6cd,qalveen,2025-10-31,00:04:17,-07:00,2025-10-31T00:04:17-07:00,1,12
style.css,303,css,54c4f6cd,qalveen,2025-10-31,00:04:17,-07:00,2025-10-31T00:04:17-07:00,0,0
style.css,304,css,54c4f6cd,qalveen,2025-10-31,00:04:17,-07:00,2025-10-31T00:04:17-07:00,0,0
style.css,305,css,54c4f6cd,qalveen,2025-10-31,00:04:17,-07:00,2025-10-31T00:04:17-07:00,0,22
style.css,306,css,54c4f6cd,qalveen,2025-10-31,00:04:17,-07:00,2025-10-31T00:04:17-07:00,0,23
style.css,307,css,54c4f6cd,qalveen,2025-10-31,00:04:17,-07:00,2025-10-31T00:04:17-07:00,1,36
style.css,308,css,54c4f6cd,qalveen,2025-10-31,00:04:17,-07:00,2025-10-31T00:04:17-07:00,1,14
style.css,309,css,54c4f6cd,qalveen,2025-10-31,00:04:17,-07:00,2025-10-31T00:04:17-07:00,0,0
style.css,310,css,54c4f6cd,qalveen,2025-10-31,00:04:17,-07:00,2025-10-31T00:04:17-07:00,0,0
style.css,311,css,54c4f6cd,qalveen,2025-10-31,00:04:17,-07:00,2025-10-31T00:04:17-07:00,0,43
style.css,312,css,54c4f6cd,qalveen,2025-10-31,00:04:17,-07:00,2025-10-31T00:04:17-07:00,0,9
style.css,313,css,54c4f6cd,qalveen,2025-10-31,00:04:17,-07:00,2025-10-31T00:04:17-07:00,1,35
style.css,314,css,54c4f6cd,qalveen,2025-10-31,00:04:17,-07:00,2025-10-31T00:04:17-07:00,0,0
style.css,315,css,54c4f6cd,qalveen,2025-10-31,00:04:17,-07:00,2025-10-31T00:04:17-07:00,0,0
style.css,316,css,54c4f6cd,qalveen,2025-10-31,00:04:17,-07:00,2025-10-31T00:04:17-07:00,0,18
style.css,317,css,54c4f6cd,qalveen,2025-10-31,00:04:17,-07:00,2025-10-31T00:04:17-07:00,1,28
style.css,318,css,54c4f6cd,qalveen,2025-10-31,00:04:17,-07:00,2025-10-31T00:04:17-07:00,0,0
style.css,319,css,54c4f6cd,qalveen,2025-10-31,00:04:17,-07:00,2025-10-31T00:04:17-07:00,0,0
style.css,320,css,54c4f6cd,qalveen,2025-10-31,00:04:17,-07:00,2025-10-31T00:04:17-07:00,0,43
style.css,321,css,54c4f6cd,qalveen,2025-10-31,00:04:17,-07:00,2025-10-31T00:04:17-07:00,0,12
style.css,322,css,54c4f6cd,qalveen,2025-10-31,00:04:17,-07:00,2025-10-31T00:04:17-07:00,1,14
style.css,323,css,54c4f6cd,qalveen,2025-10-31,00:04:17,-07:00,2025-10-31T00:04:17-07:00,0,0
index.js,1,js,467a2fee,qalveen,2025-10-24,18:41:25,-07:00,2025-10-24T18:41:25-07:00,0,71
index.js,2,js,d84b3ad2,qalveen,2025-10-24,18:49:35,-07:00,2025-10-24T18:49:35-07:00,0,60
index.js,3,js,d84b3ad2,qalveen,2025-10-24,18:49:35,-07:00,2025-10-24T18:49:35-07:00,0,0
index.js,4,js,fec40f84,qalveen,2025-10-24,18:32:30,-07:00,2025-10-24T18:32:30-07:00,0,0
index.js,5,js,fec40f84,qalveen,2025-10-24,18:32:30,-07:00,2025-10-24T18:32:30-07:00,0,38
index.js,6,js,fec40f84,qalveen,2025-10-24,18:32:30,-07:00,2025-10-24T18:32:30-07:00,0,54
index.js,7,js,fec40f84,qalveen,2025-10-24,18:32:30,-07:00,2025-10-24T18:32:30-07:00,0,0
index.js,8,js,fec40f84,qalveen,2025-10-24,18:32:30,-07:00,2025-10-24T18:32:30-07:00,0,35
index.js,9,js,fec40f84,qalveen,2025-10-24,18:32:30,-07:00,2025-10-24T18:32:30-07:00,0,42
index.js,10,js,fec40f84,qalveen,2025-10-24,18:32:30,-07:00,2025-10-24T18:32:30-07:00,0,0
index.js,11,js,fec40f84,qalveen,2025-10-24,18:32:30,-07:00,2025-10-24T18:32:30-07:00,0,45
index.js,12,js,fec40f84,qalveen,2025-10-24,18:32:30,-07:00,2025-10-24T18:32:30-07:00,0,60
index.js,13,js,fec40f84,qalveen,2025-10-24,18:32:30,-07:00,2025-10-24T18:32:30-07:00,0,0
index.js,14,js,fec40f84,qalveen,2025-10-24,18:32:30,-07:00,2025-10-24T18:32:30-07:00,0,32
index.js,15,js,fec40f84,qalveen,2025-10-24,18:32:30,-07:00,2025-10-24T18:32:30-07:00,0,54
index.js,16,js,a051d6bf,qalveen,2025-10-24,18:38:12,-07:00,2025-10-24T18:38:12-07:00,0,0
index.js,17,js,a051d6bf,qalveen,2025-10-24,18:38:12,-07:00,2025-10-24T18:38:12-07:00,0,46
index.js,18,js,a051d6bf,qalveen,2025-10-24,18:38:12,-07:00,2025-10-24T18:38:12-07:00,0,30
index.js,19,js,a051d6bf,qalveen,2025-10-24,18:38:12,-07:00,2025-10-24T18:38:12-07:00,0,46
index.js,20,js,a051d6bf,qalveen,2025-10-24,18:38:12,-07:00,2025-10-24T18:38:12-07:00,0,50
index.js,21,js,a051d6bf,qalveen,2025-10-24,18:38:12,-07:00,2025-10-24T18:38:12-07:00,0,22
index.js,22,js,4f2e1f02,qalveen,2025-10-24,18:52:44,-07:00,2025-10-24T18:52:44-07:00,0,0
index.js,23,js,4f2e1f02,qalveen,2025-10-24,18:52:44,-07:00,2025-10-24T18:52:44-07:00,0,17
index.js,24,js,4f2e1f02,qalveen,2025-10-24,18:52:44,-07:00,2025-10-24T18:52:44-07:00,1,24
index.js,25,js,4f2e1f02,qalveen,2025-10-24,18:52:44,-07:00,2025-10-24T18:52:44-07:00,2,2
index.js,26,js,4f2e1f02,qalveen,2025-10-24,18:52:44,-07:00,2025-10-24T18:52:44-07:00,3,55
index.js,27,js,4f2e1f02,qalveen,2025-10-24,18:52:44,-07:00,2025-10-24T18:52:44-07:00,3,55
index.js,28,js,4f2e1f02,qalveen,2025-10-24,18:52:44,-07:00,2025-10-24T18:52:44-07:00,3,49
index.js,29,js,4f2e1f02,qalveen,2025-10-24,18:52:44,-07:00,2025-10-24T18:52:44-07:00,3,49
index.js,30,js,4f2e1f02,qalveen,2025-10-24,18:52:44,-07:00,2025-10-24T18:52:44-07:00,2,3
index.js,31,js,4f2e1f02,qalveen,2025-10-24,18:52:44,-07:00,2025-10-24T18:52:44-07:00,1,0
index.js,32,js,4f2e1f02,qalveen,2025-10-24,18:52:44,-07:00,2025-10-24T18:52:44-07:00,0,0
index.html,1,html,0c4bcc3f,qalveen,2025-10-03,14:46:29,-07:00,2025-10-03T14:46:29-07:00,0,13
index.html,2,html,fe3d3bc1,qalveen,2025-10-03,18:31:02,-07:00,2025-10-03T18:31:02-07:00,0,14
index.html,3,html,07b83b77,qalveen,2025-10-15,16:13:24,-07:00,2025-10-15T16:13:24-07:00,0,0
index.html,4,html,0c4bcc3f,qalveen,2025-10-03,14:46:29,-07:00,2025-10-03T14:46:29-07:00,0,4
index.html,5,html,0c4bcc3f,qalveen,2025-10-03,14:46:29,-07:00,2025-10-03T14:46:29-07:00,2,20
index.html,6,html,0c4bcc3f,qalveen,2025-10-03,14:46:29,-07:00,2025-10-03T14:46:29-07:00,2,68
index.html,7,html,661f74f5,qalveen,2025-10-03,15:04:08,-07:00,2025-10-03T15:04:08-07:00,2,55
index.html,8,html,41f2e683,qalveen,2025-10-03,15:51:31,-07:00,2025-10-03T15:51:31-07:00,2,38
index.html,9,html,0c4bcc3f,qalveen,2025-10-03,14:46:29,-07:00,2025-10-03T14:46:29-07:00,0,5
index.html,10,html,0c4bcc3f,qalveen,2025-10-03,14:46:29,-07:00,2025-10-03T14:46:29-07:00,0,0
index.html,11,html,0c4bcc3f,qalveen,2025-10-03,14:46:29,-07:00,2025-10-03T14:46:29-07:00,0,4
index.html,12,html,6c990a99,qalveen,2025-10-30,14:20:32,-07:00,2025-10-30T14:20:32-07:00,0,0
index.html,13,html,6c990a99,qalveen,2025-10-30,14:20:32,-07:00,2025-10-30T14:20:32-07:00,2,20
index.html,14,html,9efa1b30,qalveen,2025-10-30,14:26:58,-07:00,2025-10-30T14:26:58-07:00,2,97
index.html,15,html,9efa1b30,qalveen,2025-10-30,14:26:58,-07:00,2025-10-30T14:26:58-07:00,0,116
index.html,16,html,9efa1b30,qalveen,2025-10-30,14:26:58,-07:00,2025-10-30T14:26:58-07:00,0,116
index.html,17,html,6c990a99,qalveen,2025-10-30,14:20:32,-07:00,2025-10-30T14:20:32-07:00,0,0
index.html,18,html,6c990a99,qalveen,2025-10-30,14:20:32,-07:00,2025-10-30T14:20:32-07:00,2,37
index.html,19,html,6c990a99,qalveen,2025-10-30,14:20:32,-07:00,2025-10-30T14:20:32-07:00,2,22
index.html,20,html,dc813ce7,qalveen,2025-10-31,00:25:05,-07:00,2025-10-31T00:25:05-07:00,4,52
index.html,21,html,6c990a99,qalveen,2025-10-30,14:20:32,-07:00,2025-10-30T14:20:32-07:00,2,4
index.html,22,html,6c990a99,qalveen,2025-10-30,14:20:32,-07:00,2025-10-30T14:20:32-07:00,0,0
index.html,23,html,fec40f84,qalveen,2025-10-24,18:32:30,-07:00,2025-10-24T18:32:30-07:00,2,22
index.html,24,html,fec40f84,qalveen,2025-10-24,18:32:30,-07:00,2025-10-24T18:32:30-07:00,2,20
index.html,25,html,6c990a99,qalveen,2025-10-30,14:20:32,-07:00,2025-10-30T14:20:32-07:00,4,45
index.html,26,html,fec40f84,qalveen,2025-10-24,18:32:30,-07:00,2025-10-24T18:32:30-07:00,2,4
index.html,27,html,6c990a99,qalveen,2025-10-30,14:20:32,-07:00,2025-10-30T14:20:32-07:00,0,0
index.html,28,html,d907976a,qalveen,2025-10-15,16:01:50,-07:00,2025-10-15T16:01:50-07:00,2,45
index.html,29,html,fec40f84,qalveen,2025-10-24,18:32:30,-07:00,2025-10-24T18:32:30-07:00,2,50
index.html,30,html,a2df67b0,qalveen,2025-10-24,18:49:02,-07:00,2025-10-24T18:49:02-07:00,0,0
index.html,31,html,a2df67b0,qalveen,2025-10-24,18:49:02,-07:00,2025-10-24T18:49:02-07:00,2,27
index.html,32,html,a2df67b0,qalveen,2025-10-24,18:49:02,-07:00,2025-10-24T18:49:02-07:00,2,22
index.html,33,html,6c990a99,qalveen,2025-10-30,14:20:32,-07:00,2025-10-30T14:20:32-07:00,4,35
index.html,34,html,a2df67b0,qalveen,2025-10-24,18:49:02,-07:00,2025-10-24T18:49:02-07:00,2,4
index.html,35,html,a2df67b0,qalveen,2025-10-24,18:49:02,-07:00,2025-10-24T18:49:02-07:00,0,0
index.html,36,html,0c4bcc3f,qalveen,2025-10-03,14:46:29,-07:00,2025-10-03T14:46:29-07:00,0,5
index.html,37,html,6c990a99,qalveen,2025-10-30,14:20:32,-07:00,2025-10-30T14:20:32-07:00,0,5
global.js,1,js,bad66cdd,qalveen,2025-10-15,16:57:20,-07:00,2025-10-15T16:57:20-07:00,0,30
global.js,2,js,d907976a,qalveen,2025-10-15,16:01:50,-07:00,2025-10-15T16:01:50-07:00,0,25
global.js,3,js,d907976a,qalveen,2025-10-15,16:01:50,-07:00,2025-10-15T16:01:50-07:00,0,0
global.js,4,js,d907976a,qalveen,2025-10-15,16:01:50,-07:00,2025-10-15T16:01:50-07:00,0,41
global.js,5,js,d907976a,qalveen,2025-10-15,16:01:50,-07:00,2025-10-15T16:01:50-07:00,1,52
global.js,6,js,d907976a,qalveen,2025-10-15,16:01:50,-07:00,2025-10-15T16:01:50-07:00,0,0
global.js,7,js,d907976a,qalveen,2025-10-15,16:01:50,-07:00,2025-10-15T16:01:50-07:00,0,0
global.js,8,js,bad66cdd,qalveen,2025-10-15,16:57:20,-07:00,2025-10-15T16:57:20-07:00,0,79
global.js,9,js,bad66cdd,qalveen,2025-10-15,16:57:20,-07:00,2025-10-15T16:57:20-07:00,0,49
global.js,10,js,bad66cdd,qalveen,2025-10-15,16:57:20,-07:00,2025-10-15T16:57:20-07:00,0,79
global.js,11,js,bad66cdd,qalveen,2025-10-15,16:57:20,-07:00,2025-10-15T16:57:20-07:00,0,13
global.js,12,js,bad66cdd,qalveen,2025-10-15,16:57:20,-07:00,2025-10-15T16:57:20-07:00,1,25
global.js,13,js,bad66cdd,qalveen,2025-10-15,16:57:20,-07:00,2025-10-15T16:57:20-07:00,1,38
global.js,14,js,bad66cdd,qalveen,2025-10-15,16:57:20,-07:00,2025-10-15T16:57:20-07:00,1,36
global.js,15,js,bad66cdd,qalveen,2025-10-15,16:57:20,-07:00,2025-10-15T16:57:20-07:00,1,45
global.js,16,js,bad66cdd,qalveen,2025-10-15,16:57:20,-07:00,2025-10-15T16:57:20-07:00,1,53
global.js,17,js,00000000,Not Committed Yet,2025-11-07,13:12:20,-08:00,2025-11-07T13:12:20-08:00,1,30
global.js,18,js,07b83b77,qalveen,2025-10-15,16:13:24,-07:00,2025-10-15T16:13:24-07:00,0,0
global.js,19,js,d907976a,qalveen,2025-10-15,16:01:50,-07:00,2025-10-15T16:01:50-07:00,0,0
global.js,20,js,bad66cdd,qalveen,2025-10-15,16:57:20,-07:00,2025-10-15T16:57:20-07:00,0,43
global.js,21,js,07b83b77,qalveen,2025-10-15,16:13:24,-07:00,2025-10-15T16:13:24-07:00,0,15
global.js,22,js,bad66cdd,qalveen,2025-10-15,16:57:20,-07:00,2025-10-15T16:57:20-07:00,1,68
global.js,23,js,bad66cdd,qalveen,2025-10-15,16:57:20,-07:00,2025-10-15T16:57:20-07:00,2,3
global.js,24,js,bad66cdd,qalveen,2025-10-15,16:57:20,-07:00,2025-10-15T16:57:20-07:00,2,34
global.js,25,js,07b83b77,qalveen,2025-10-15,16:13:24,-07:00,2025-10-15T16:13:24-07:00,0,0
global.js,26,js,bad66cdd,qalveen,2025-10-15,16:57:20,-07:00,2025-10-15T16:57:20-07:00,0,45
global.js,27,js,bad66cdd,qalveen,2025-10-15,16:57:20,-07:00,2025-10-15T16:57:20-07:00,0,40
global.js,28,js,bad66cdd,qalveen,2025-10-15,16:57:20,-07:00,2025-10-15T16:57:20-07:00,0,25
global.js,29,js,07b83b77,qalveen,2025-10-15,16:13:24,-07:00,2025-10-15T16:13:24-07:00,0,0
global.js,30,js,bad66cdd,qalveen,2025-10-15,16:57:20,-07:00,2025-10-15T16:57:20-07:00,0,12
global.js,31,js,bad66cdd,qalveen,2025-10-15,16:57:20,-07:00,2025-10-15T16:57:20-07:00,0,22
global.js,32,js,bad66cdd,qalveen,2025-10-15,16:57:20,-07:00,2025-10-15T16:57:20-07:00,1,14
global.js,33,js,bad66cdd,qalveen,2025-10-15,16:57:20,-07:00,2025-10-15T16:57:20-07:00,1,49
global.js,34,js,07b83b77,qalveen,2025-10-15,16:13:24,-07:00,2025-10-15T16:13:24-07:00,0,0
global.js,35,js,bad66cdd,qalveen,2025-10-15,16:57:20,-07:00,2025-10-15T16:57:20-07:00,1,36
global.js,36,js,07b83b77,qalveen,2025-10-15,16:13:24,-07:00,2025-10-15T16:13:24-07:00,1,11
global.js,37,js,bad66cdd,qalveen,2025-10-15,16:57:20,-07:00,2025-10-15T16:57:20-07:00,1,22
global.js,38,js,07b83b77,qalveen,2025-10-15,16:13:24,-07:00,2025-10-15T16:13:24-07:00,0,0
global.js,39,js,bad66cdd,qalveen,2025-10-15,16:57:20,-07:00,2025-10-15T16:57:20-07:00,1,31
global.js,40,js,bad66cdd,qalveen,2025-10-15,16:57:20,-07:00,2025-10-15T16:57:20-07:00,1,48
global.js,41,js,07b83b77,qalveen,2025-10-15,16:13:24,-07:00,2025-10-15T16:13:24-07:00,0,0
global.js,42,js,07b83b77,qalveen,2025-10-15,16:13:24,-07:00,2025-10-15T16:13:24-07:00,1,12
global.js,43,js,07b83b77,qalveen,2025-10-15,16:13:24,-07:00,2025-10-15T16:13:24-07:00,0,0
global.js,44,js,2b9ef0de,qalveen,2025-10-15,16:19:53,-07:00,2025-10-15T16:19:53-07:00,0,0
global.js,45,js,bad66cdd,qalveen,2025-10-15,16:57:20,-07:00,2025-10-15T16:57:20-07:00,0,79
global.js,46,js,bad66cdd,qalveen,2025-10-15,16:57:20,-07:00,2025-10-15T16:57:20-07:00,0,66
global.js,47,js,bad66cdd,qalveen,2025-10-15,16:57:20,-07:00,2025-10-15T16:57:20-07:00,1,26
global.js,48,js,bad66cdd,qalveen,2025-10-15,16:57:20,-07:00,2025-10-15T16:57:20-07:00,1,41
global.js,49,js,bad66cdd,qalveen,2025-10-15,16:57:20,-07:00,2025-10-15T16:57:20-07:00,1,65
global.js,50,js,bad66cdd,qalveen,2025-10-15,16:57:20,-07:00,2025-10-15T16:57:20-07:00,0,27
global.js,51,js,bad66cdd,qalveen,2025-10-15,16:57:20,-07:00,2025-10-15T16:57:20-07:00,0,32
global.js,52,js,bad66cdd,qalveen,2025-10-15,16:57:20,-07:00,2025-10-15T16:57:20-07:00,1,65
global.js,53,js,bad66cdd,qalveen,2025-10-15,16:57:20,-07:00,2025-10-15T16:57:20-07:00,0,0
global.js,54,js,bad66cdd,qalveen,2025-10-15,16:57:20,-07:00,2025-10-15T16:57:20-07:00,0,36
global.js,55,js,bad66cdd,qalveen,2025-10-15,16:57:20,-07:00,2025-10-15T16:57:20-07:00,0,0
global.js,56,js,bad66cdd,qalveen,2025-10-15,16:57:20,-07:00,2025-10-15T16:57:20-07:00,0,79
global.js,57,js,bad66cdd,qalveen,2025-10-15,16:57:20,-07:00,2025-10-15T16:57:20-07:00,0,68
global.js,58,js,bad66cdd,qalveen,2025-10-15,16:57:20,-07:00,2025-10-15T16:57:20-07:00,0,79
global.js,59,js,2b9ef0de,qalveen,2025-10-15,16:19:53,-07:00,2025-10-15T16:19:53-07:00,0,31
global.js,60,js,bad66cdd,qalveen,2025-10-15,16:57:20,-07:00,2025-10-15T16:57:20-07:00,1,11
global.js,61,js,2b9ef0de,qalveen,2025-10-15,16:19:53,-07:00,2025-10-15T16:19:53-07:00,1,0
global.js,62,js,2b9ef0de,qalveen,2025-10-15,16:19:53,-07:00,2025-10-15T16:19:53-07:00,1,26
global.js,63,js,2b9ef0de,qalveen,2025-10-15,16:19:53,-07:00,2025-10-15T16:19:53-07:00,2,4
global.js,64,js,bad66cdd,qalveen,2025-10-15,16:57:20,-07:00,2025-10-15T16:57:20-07:00,2,17
global.js,65,js,2b9ef0de,qalveen,2025-10-15,16:19:53,-07:00,2025-10-15T16:19:53-07:00,3,43
global.js,66,js,2b9ef0de,qalveen,2025-10-15,16:19:53,-07:00,2025-10-15T16:19:53-07:00,3,34
global.js,67,js,2b9ef0de,qalveen,2025-10-15,16:19:53,-07:00,2025-10-15T16:19:53-07:00,3,32
global.js,68,js,2b9ef0de,qalveen,2025-10-15,16:19:53,-07:00,2025-10-15T16:19:53-07:00,2,7
global.js,69,js,2b9ef0de,qalveen,2025-10-15,16:19:53,-07:00,2025-10-15T16:19:53-07:00,1,6
global.js,70,js,475c210f,qalveen,2025-10-15,16:37:56,-07:00,2025-10-15T16:37:56-07:00,0,0
global.js,71,js,2b9ef0de,qalveen,2025-10-15,16:19:53,-07:00,2025-10-15T16:19:53-07:00,0,0
global.js,72,js,2b9ef0de,qalveen,2025-10-15,16:19:53,-07:00,2025-10-15T16:19:53-07:00,0,0
global.js,73,js,bad66cdd,qalveen,2025-10-15,16:57:20,-07:00,2025-10-15T16:57:20-07:00,0,46
global.js,74,js,bad66cdd,qalveen,2025-10-15,16:57:20,-07:00,2025-10-15T16:57:20-07:00,0,0
global.js,75,js,bad66cdd,qalveen,2025-10-15,16:57:20,-07:00,2025-10-15T16:57:20-07:00,0,43
global.js,76,js,bad66cdd,qalveen,2025-10-15,16:57:20,-07:00,2025-10-15T16:57:20-07:00,0,53
global.js,77,js,bad66cdd,qalveen,2025-10-15,16:57:20,-07:00,2025-10-15T16:57:20-07:00,0,22
global.js,78,js,bad66cdd,qalveen,2025-10-15,16:57:20,-07:00,2025-10-15T16:57:20-07:00,0,19
global.js,79,js,2b9ef0de,qalveen,2025-10-15,16:19:53,-07:00,2025-10-15T16:19:53-07:00,0,0
global.js,80,js,bad66cdd,qalveen,2025-10-15,16:57:20,-07:00,2025-10-15T16:57:20-07:00,0,26
global.js,81,js,bad66cdd,qalveen,2025-10-15,16:57:20,-07:00,2025-10-15T16:57:20-07:00,0,39
global.js,82,js,bad66cdd,qalveen,2025-10-15,16:57:20,-07:00,2025-10-15T16:57:20-07:00,1,27
global.js,83,js,2b9ef0de,qalveen,2025-10-15,16:19:53,-07:00,2025-10-15T16:19:53-07:00,1,31
global.js,84,js,bad66cdd,qalveen,2025-10-15,16:57:20,-07:00,2025-10-15T16:57:20-07:00,1,22
global.js,85,js,bad66cdd,qalveen,2025-10-15,16:57:20,-07:00,2025-10-15T16:57:20-07:00,0,1
global.js,86,js,2b9ef0de,qalveen,2025-10-15,16:19:53,-07:00,2025-10-15T16:19:53-07:00,0,0
global.js,87,js,bad66cdd,qalveen,2025-10-15,16:57:20,-07:00,2025-10-15T16:57:20-07:00,0,44
global.js,88,js,bad66cdd,qalveen,2025-10-15,16:57:20,-07:00,2025-10-15T16:57:20-07:00,0,32
global.js,89,js,bad66cdd,qalveen,2025-10-15,16:57:20,-07:00,2025-10-15T16:57:20-07:00,1,64
global.js,90,js,2b9ef0de,qalveen,2025-10-15,16:19:53,-07:00,2025-10-15T16:19:53-07:00,0,0
global.js,91,js,11e2b395,qalveen,2025-10-15,17:10:32,-07:00,2025-10-15T17:10:32-07:00,0,0
global.js,92,js,11e2b395,qalveen,2025-10-15,17:10:32,-07:00,2025-10-15T17:10:32-07:00,0,47
global.js,93,js,11e2b395,qalveen,2025-10-15,17:10:32,-07:00,2025-10-15T17:10:32-07:00,0,39
global.js,94,js,11e2b395,qalveen,2025-10-15,17:10:32,-07:00,2025-10-15T17:10:32-07:00,0,47
global.js,95,js,11e2b395,qalveen,2025-10-15,17:10:32,-07:00,2025-10-15T17:10:32-07:00,0,42
global.js,96,js,11e2b395,qalveen,2025-10-15,17:10:32,-07:00,2025-10-15T17:10:32-07:00,0,0
global.js,97,js,11e2b395,qalveen,2025-10-15,17:10:32,-07:00,2025-10-15T17:10:32-07:00,0,43
global.js,98,js,11e2b395,qalveen,2025-10-15,17:10:32,-07:00,2025-10-15T17:10:32-07:00,1,47
global.js,99,js,11e2b395,qalveen,2025-10-15,17:10:32,-07:00,2025-10-15T17:10:32-07:00,0,0
global.js,100,js,11e2b395,qalveen,2025-10-15,17:10:32,-07:00,2025-10-15T17:10:32-07:00,1,22
global.js,101,js,11e2b395,qalveen,2025-10-15,17:10:32,-07:00,2025-10-15T17:10:32-07:00,1,30
global.js,102,js,11e2b395,qalveen,2025-10-15,17:10:32,-07:00,2025-10-15T17:10:32-07:00,1,60
global.js,103,js,11e2b395,qalveen,2025-10-15,17:10:32,-07:00,2025-10-15T17:10:32-07:00,1,16
global.js,104,js,11e2b395,qalveen,2025-10-15,17:10:32,-07:00,2025-10-15T17:10:32-07:00,0,0
global.js,105,js,11e2b395,qalveen,2025-10-15,17:10:32,-07:00,2025-10-15T17:10:32-07:00,1,40
global.js,106,js,11e2b395,qalveen,2025-10-15,17:10:32,-07:00,2025-10-15T17:10:32-07:00,1,31
global.js,107,js,11e2b395,qalveen,2025-10-15,17:10:32,-07:00,2025-10-15T17:10:32-07:00,2,50
global.js,108,js,11e2b395,qalveen,2025-10-15,17:10:32,-07:00,2025-10-15T17:10:32-07:00,1,0
global.js,109,js,11e2b395,qalveen,2025-10-15,17:10:32,-07:00,2025-10-15T17:10:32-07:00,0,0
global.js,110,js,11e2b395,qalveen,2025-10-15,17:10:32,-07:00,2025-10-15T17:10:32-07:00,1,22
global.js,111,js,11e2b395,qalveen,2025-10-15,17:10:32,-07:00,2025-10-15T17:10:32-07:00,1,64
global.js,112,js,11e2b395,qalveen,2025-10-15,17:10:32,-07:00,2025-10-15T17:10:32-07:00,0,1
global.js,113,js,11e2b395,qalveen,2025-10-15,17:10:32,-07:00,2025-10-15T17:10:32-07:00,0,0
global.js,114,js,79b3a425,qalveen,2025-10-24,11:25:34,-07:00,2025-10-24T11:25:34-07:00,0,46
global.js,115,js,79b3a425,qalveen,2025-10-24,11:25:34,-07:00,2025-10-24T11:25:34-07:00,0,38
global.js,116,js,79b3a425,qalveen,2025-10-24,11:25:34,-07:00,2025-10-24T11:25:34-07:00,0,46
global.js,117,js,79b3a425,qalveen,2025-10-24,11:25:34,-07:00,2025-10-24T11:25:34-07:00,0,36
global.js,118,js,79b3a425,qalveen,2025-10-24,11:25:34,-07:00,2025-10-24T11:25:34-07:00,1,3
global.js,119,js,79b3a425,qalveen,2025-10-24,11:25:34,-07:00,2025-10-24T11:25:34-07:00,2,39
global.js,120,js,79b3a425,qalveen,2025-10-24,11:25:34,-07:00,2025-10-24T11:25:34-07:00,2,32
global.js,121,js,79b3a425,qalveen,2025-10-24,11:25:34,-07:00,2025-10-24T11:25:34-07:00,2,62
global.js,122,js,79b3a425,qalveen,2025-10-24,11:25:34,-07:00,2025-10-24T11:25:34-07:00,0,0
global.js,123,js,79b3a425,qalveen,2025-10-24,11:25:34,-07:00,2025-10-24T11:25:34-07:00,2,50
global.js,124,js,79b3a425,qalveen,2025-10-24,11:25:34,-07:00,2025-10-24T11:25:34-07:00,2,17
global.js,125,js,79b3a425,qalveen,2025-10-24,11:25:34,-07:00,2025-10-24T11:25:34-07:00,3,66
global.js,126,js,79b3a425,qalveen,2025-10-24,11:25:34,-07:00,2025-10-24T11:25:34-07:00,2,0
global.js,127,js,79b3a425,qalveen,2025-10-24,11:25:34,-07:00,2025-10-24T11:25:34-07:00,0,0
global.js,128,js,79b3a425,qalveen,2025-10-24,11:25:34,-07:00,2025-10-24T11:25:34-07:00,2,32
global.js,129,js,79b3a425,qalveen,2025-10-24,11:25:34,-07:00,2025-10-24T11:25:34-07:00,2,33
global.js,130,js,79b3a425,qalveen,2025-10-24,11:25:34,-07:00,2025-10-24T11:25:34-07:00,0,0
global.js,131,js,79b3a425,qalveen,2025-10-24,11:25:34,-07:00,2025-10-24T11:25:34-07:00,2,23
global.js,132,js,79b3a425,qalveen,2025-10-24,11:25:34,-07:00,2025-10-24T11:25:34-07:00,2,10
global.js,133,js,79b3a425,qalveen,2025-10-24,11:25:34,-07:00,2025-10-24T11:25:34-07:00,0,0
global.js,134,js,79b3a425,qalveen,2025-10-24,11:25:34,-07:00,2025-10-24T11:25:34-07:00,1,15
global.js,135,js,79b3a425,qalveen,2025-10-24,11:25:34,-07:00,2025-10-24T11:25:34-07:00,2,59
global.js,136,js,79b3a425,qalveen,2025-10-24,11:25:34,-07:00,2025-10-24T11:25:34-07:00,1,0
global.js,137,js,79b3a425,qalveen,2025-10-24,11:25:34,-07:00,2025-10-24T11:25:34-07:00,0,0
global.js,138,js,79b3a425,qalveen,2025-10-24,11:25:34,-07:00,2025-10-24T11:25:34-07:00,0,0
global.js,139,js,48a1a3b8,qalveen,2025-10-24,11:40:30,-07:00,2025-10-24T11:40:30-07:00,0,27
global.js,140,js,691a40ca,qalveen,2025-10-24,11:48:00,-07:00,2025-10-24T11:48:00-07:00,0,0
global.js,141,js,691a40ca,qalveen,2025-10-24,11:48:00,-07:00,2025-10-24T11:48:00-07:00,0,46
global.js,142,js,691a40ca,qalveen,2025-10-24,11:48:00,-07:00,2025-10-24T11:48:00-07:00,0,28
global.js,143,js,691a40ca,qalveen,2025-10-24,11:48:00,-07:00,2025-10-24T11:48:00-07:00,0,46
global.js,144,js,691a40ca,qalveen,2025-10-24,11:48:00,-07:00,2025-10-24T11:48:00-07:00,0,79
global.js,145,js,691a40ca,qalveen,2025-10-24,11:48:00,-07:00,2025-10-24T11:48:00-07:00,1,23
global.js,146,js,691a40ca,qalveen,2025-10-24,11:48:00,-07:00,2025-10-24T11:48:00-07:00,1,22
global.js,147,js,691a40ca,qalveen,2025-10-24,11:48:00,-07:00,2025-10-24T11:48:00-07:00,2,49
global.js,148,js,691a40ca,qalveen,2025-10-24,11:48:00,-07:00,2025-10-24T11:48:00-07:00,2,5
global.js,149,js,691a40ca,qalveen,2025-10-24,11:48:00,-07:00,2025-10-24T11:48:00-07:00,1,0
global.js,150,js,691a40ca,qalveen,2025-10-24,11:48:00,-07:00,2025-10-24T11:48:00-07:00,0,0
global.js,151,js,691a40ca,qalveen,2025-10-24,11:48:00,-07:00,2025-10-24T11:48:00-07:00,1,23
global.js,152,js,691a40ca,qalveen,2025-10-24,11:48:00,-07:00,2025-10-24T11:48:00-07:00,1,30
global.js,153,js,691a40ca,qalveen,2025-10-24,11:48:00,-07:00,2025-10-24T11:48:00-07:00,0,0
global.js,154,js,691a40ca,qalveen,2025-10-24,11:48:00,-07:00,2025-10-24T11:48:00-07:00,1,19
global.js,155,js,691a40ca,qalveen,2025-10-24,11:48:00,-07:00,2025-10-24T11:48:00-07:00,1,39
global.js,156,js,691a40ca,qalveen,2025-10-24,11:48:00,-07:00,2025-10-24T11:48:00-07:00,2,60
global.js,157,js,691a40ca,qalveen,2025-10-24,11:48:00,-07:00,2025-10-24T11:48:00-07:00,2,5
global.js,158,js,691a40ca,qalveen,2025-10-24,11:48:00,-07:00,2025-10-24T11:48:00-07:00,1,0
global.js,159,js,691a40ca,qalveen,2025-10-24,11:48:00,-07:00,2025-10-24T11:48:00-07:00,0,0
global.js,160,js,691a40ca,qalveen,2025-10-24,11:48:00,-07:00,2025-10-24T11:48:00-07:00,1,20
global.js,161,js,691a40ca,qalveen,2025-10-24,11:48:00,-07:00,2025-10-24T11:48:00-07:00,1,31
global.js,162,js,691a40ca,qalveen,2025-10-24,11:48:00,-07:00,2025-10-24T11:48:00-07:00,2,48
global.js,163,js,691a40ca,qalveen,2025-10-24,11:48:00,-07:00,2025-10-24T11:48:00-07:00,2,19
global.js,164,js,691a40ca,qalveen,2025-10-24,11:48:00,-07:00,2025-10-24T11:48:00-07:00,3,49
global.js,165,js,691a40ca,qalveen,2025-10-24,11:48:00,-07:00,2025-10-24T11:48:00-07:00,3,49
global.js,166,js,54c4f6cd,qalveen,2025-10-31,00:04:17,-07:00,2025-10-31T00:04:17-07:00,3,24
global.js,167,js,54c4f6cd,qalveen,2025-10-31,00:04:17,-07:00,2025-10-31T00:04:17-07:00,0,0
global.js,168,js,54c4f6cd,qalveen,2025-10-31,00:04:17,-07:00,2025-10-31T00:04:17-07:00,4,27
global.js,169,js,54c4f6cd,qalveen,2025-10-31,00:04:17,-07:00,2025-10-31T00:04:17-07:00,4,47
global.js,170,js,54c4f6cd,qalveen,2025-10-31,00:04:17,-07:00,2025-10-31T00:04:17-07:00,3,4
global.js,171,js,54c4f6cd,qalveen,2025-10-31,00:04:17,-07:00,2025-10-31T00:04:17-07:00,0,0
global.js,172,js,54c4f6cd,qalveen,2025-10-31,00:04:17,-07:00,2025-10-31T00:04:17-07:00,0,0
global.js,173,js,691a40ca,qalveen,2025-10-24,11:48:00,-07:00,2025-10-24T11:48:00-07:00,2,0
global.js,174,js,691a40ca,qalveen,2025-10-24,11:48:00,-07:00,2025-10-24T11:48:00-07:00,2,36
global.js,175,js,691a40ca,qalveen,2025-10-24,11:48:00,-07:00,2025-10-24T11:48:00-07:00,1,0
global.js,176,js,691a40ca,qalveen,2025-10-24,11:48:00,-07:00,2025-10-24T11:48:00-07:00,0,0
global.js,177,js,a051d6bf,qalveen,2025-10-24,18:38:12,-07:00,2025-10-24T18:38:12-07:00,0,0
global.js,178,js,a051d6bf,qalveen,2025-10-24,18:38:12,-07:00,2025-10-24T18:38:12-07:00,0,46
global.js,179,js,a051d6bf,qalveen,2025-10-24,18:38:12,-07:00,2025-10-24T18:38:12-07:00,0,26
global.js,180,js,a051d6bf,qalveen,2025-10-24,18:38:12,-07:00,2025-10-24T18:38:12-07:00,0,46
global.js,181,js,d009ba36,qalveen,2025-10-30,14:18:08,-07:00,2025-10-30T14:18:08-07:00,0,46
global.js,182,js,a051d6bf,qalveen,2025-10-24,18:38:12,-07:00,2025-10-24T18:38:12-07:00,1,65
global.js,183,js,d009ba36,qalveen,2025-10-30,14:18:08,-07:00,2025-10-30T14:18:08-07:00,1,58
global.js,184,js,a051d6bf,qalveen,2025-10-24,18:38:12,-07:00,2025-10-24T18:38:12-07:00,0,0
global.js,185,js,a051d6bf,qalveen,2025-10-24,18:38:12,-07:00,2025-10-24T18:38:12-07:00,0,0
resume/index.html,1,html,8db55dcd,qalveen,2025-10-03,18:41:21,-07:00,2025-10-03T18:41:21-07:00,0,13
resume/index.html,2,html,8db55dcd,qalveen,2025-10-03,18:41:21,-07:00,2025-10-03T18:41:21-07:00,0,14
resume/index.html,3,html,deb6f765,qalveen,2025-10-09,19:18:41,-07:00,2025-10-09T19:18:41-07:00,0,0
resume/index.html,4,html,8db55dcd,qalveen,2025-10-03,18:41:21,-07:00,2025-10-03T18:41:21-07:00,0,4
resume/index.html,5,html,8db55dcd,qalveen,2025-10-03,18:41:21,-07:00,2025-10-03T18:41:21-07:00,1,20
resume/index.html,6,html,8db55dcd,qalveen,2025-10-03,18:41:21,-07:00,2025-10-03T18:41:21-07:00,1,68
resume/index.html,7,html,24c4e182,qalveen,2025-10-03,20:10:47,-07:00,2025-10-03T20:10:47-07:00,1,34
resume/index.html,8,html,7d7b0724,qalveen,2025-10-10,16:15:27,-07:00,2025-10-10T16:15:27-07:00,1,41
resume/index.html,9,html,8db55dcd,qalveen,2025-10-03,18:41:21,-07:00,2025-10-03T18:41:21-07:00,0,5
resume/index.html,10,html,8db55dcd,qalveen,2025-10-03,18:41:21,-07:00,2025-10-03T18:41:21-07:00,0,4
resume/index.html,11,html,8db55dcd,qalveen,2025-10-03,18:41:21,-07:00,2025-10-03T18:41:21-07:00,0,0
resume/index.html,12,html,6a43c480,qalveen,2025-10-03,18:44:53,-07:00,2025-10-03T18:44:53-07:00,1,20
resume/index.html,13,html,6a43c480,qalveen,2025-10-03,18:44:53,-07:00,2025-10-03T18:44:53-07:00,1,58
resume/index.html,14,html,8db55dcd,qalveen,2025-10-03,18:41:21,-07:00,2025-10-03T18:41:21-07:00,0,0
resume/index.html,15,html,8db55dcd,qalveen,2025-10-03,18:41:21,-07:00,2025-10-03T18:41:21-07:00,1,24
resume/index.html,16,html,8db55dcd,qalveen,2025-10-03,18:41:21,-07:00,2025-10-03T18:41:21-07:00,1,7
resume/index.html,17,html,8db55dcd,qalveen,2025-10-03,18:41:21,-07:00,2025-10-03T18:41:21-07:00,2,6
resume/index.html,18,html,8db55dcd,qalveen,2025-10-03,18:41:21,-07:00,2025-10-03T18:41:21-07:00,3,16
resume/index.html,19,html,8db55dcd,qalveen,2025-10-03,18:41:21,-07:00,2025-10-03T18:41:21-07:00,2,7
resume/index.html,20,html,8db55dcd,qalveen,2025-10-03,18:41:21,-07:00,2025-10-03T18:41:21-07:00,2,7
resume/index.html,21,html,6a43c480,qalveen,2025-10-03,18:44:53,-07:00,2025-10-03T18:44:53-07:00,3,11
resume/index.html,22,html,6a43c480,qalveen,2025-10-03,18:44:53,-07:00,2025-10-03T18:44:53-07:00,3,25
resume/index.html,23,html,8db55dcd,qalveen,2025-10-03,18:41:21,-07:00,2025-10-03T18:41:21-07:00,3,67
resume/index.html,24,html,8db55dcd,qalveen,2025-10-03,18:41:21,-07:00,2025-10-03T18:41:21-07:00,2,8
resume/index.html,25,html,8db55dcd,qalveen,2025-10-03,18:41:21,-07:00,2025-10-03T18:41:21-07:00,1,8
resume/index.html,26,html,8db55dcd,qalveen,2025-10-03,18:41:21,-07:00,2025-10-03T18:41:21-07:00,0,0
resume/index.html,27,html,8db55dcd,qalveen,2025-10-03,18:41:21,-07:00,2025-10-03T18:41:21-07:00,1,30
resume/index.html,28,html,8db55dcd,qalveen,2025-10-03,18:41:21,-07:00,2025-10-03T18:41:21-07:00,1,7
resume/index.html,29,html,8db55dcd,qalveen,2025-10-03,18:41:21,-07:00,2025-10-03T18:41:21-07:00,2,6
resume/index.html,30,html,8db55dcd,qalveen,2025-10-03,18:41:21,-07:00,2025-10-03T18:41:21-07:00,3,22
resume/index.html,31,html,8db55dcd,qalveen,2025-10-03,18:41:21,-07:00,2025-10-03T18:41:21-07:00,2,7
resume/index.html,32,html,8db55dcd,qalveen,2025-10-03,18:41:21,-07:00,2025-10-03T18:41:21-07:00,0,0
resume/index.html,33,html,8db55dcd,qalveen,2025-10-03,18:41:21,-07:00,2025-10-03T18:41:21-07:00,2,7
resume/index.html,34,html,8db55dcd,qalveen,2025-10-03,18:41:21,-07:00,2025-10-03T18:41:21-07:00,3,37
resume/index.html,35,html,8db55dcd,qalveen,2025-10-03,18:41:21,-07:00,2025-10-03T18:41:21-07:00,3,49
resume/index.html,36,html,8db55dcd,qalveen,2025-10-03,18:41:21,-07:00,2025-10-03T18:41:21-07:00,3,2
resume/index.html,37,html,8db55dcd,qalveen,2025-10-03,18:41:21,-07:00,2025-10-03T18:41:21-07:00,4,63
resume/index.html,38,html,8db55dcd,qalveen,2025-10-03,18:41:21,-07:00,2025-10-03T18:41:21-07:00,4,56
resume/index.html,39,html,8db55dcd,qalveen,2025-10-03,18:41:21,-07:00,2025-10-03T18:41:21-07:00,4,39
resume/index.html,40,html,8db55dcd,qalveen,2025-10-03,18:41:21,-07:00,2025-10-03T18:41:21-07:00,3,3
resume/index.html,41,html,8db55dcd,qalveen,2025-10-03,18:41:21,-07:00,2025-10-03T18:41:21-07:00,2,8
resume/index.html,42,html,8db55dcd,qalveen,2025-10-03,18:41:21,-07:00,2025-10-03T18:41:21-07:00,0,0
resume/index.html,43,html,8db55dcd,qalveen,2025-10-03,18:41:21,-07:00,2025-10-03T18:41:21-07:00,2,7
resume/index.html,44,html,8db55dcd,qalveen,2025-10-03,18:41:21,-07:00,2025-10-03T18:41:21-07:00,3,28
resume/index.html,45,html,8db55dcd,qalveen,2025-10-03,18:41:21,-07:00,2025-10-03T18:41:21-07:00,3,82
resume/index.html,46,html,8db55dcd,qalveen,2025-10-03,18:41:21,-07:00,2025-10-03T18:41:21-07:00,3,2
resume/index.html,47,html,8db55dcd,qalveen,2025-10-03,18:41:21,-07:00,2025-10-03T18:41:21-07:00,4,56
resume/index.html,48,html,8db55dcd,qalveen,2025-10-03,18:41:21,-07:00,2025-10-03T18:41:21-07:00,4,46
resume/index.html,49,html,8db55dcd,qalveen,2025-10-03,18:41:21,-07:00,2025-10-03T18:41:21-07:00,3,3
resume/index.html,50,html,8db55dcd,qalveen,2025-10-03,18:41:21,-07:00,2025-10-03T18:41:21-07:00,2,8
resume/index.html,51,html,8db55dcd,qalveen,2025-10-03,18:41:21,-07:00,2025-10-03T18:41:21-07:00,1,8
resume/index.html,52,html,8db55dcd,qalveen,2025-10-03,18:41:21,-07:00,2025-10-03T18:41:21-07:00,0,0
resume/index.html,53,html,8db55dcd,qalveen,2025-10-03,18:41:21,-07:00,2025-10-03T18:41:21-07:00,1,21
resume/index.html,54,html,8db55dcd,qalveen,2025-10-03,18:41:21,-07:00,2025-10-03T18:41:21-07:00,1,7
resume/index.html,55,html,8db55dcd,qalveen,2025-10-03,18:41:21,-07:00,2025-10-03T18:41:21-07:00,2,6
resume/index.html,56,html,8db55dcd,qalveen,2025-10-03,18:41:21,-07:00,2025-10-03T18:41:21-07:00,3,13
resume/index.html,57,html,8db55dcd,qalveen,2025-10-03,18:41:21,-07:00,2025-10-03T18:41:21-07:00,2,7
resume/index.html,58,html,8db55dcd,qalveen,2025-10-03,18:41:21,-07:00,2025-10-03T18:41:21-07:00,2,2
resume/index.html,59,html,8db55dcd,qalveen,2025-10-03,18:41:21,-07:00,2025-10-03T18:41:21-07:00,3,41
resume/index.html,60,html,8db55dcd,qalveen,2025-10-03,18:41:21,-07:00,2025-10-03T18:41:21-07:00,3,28
resume/index.html,61,html,8db55dcd,qalveen,2025-10-03,18:41:21,-07:00,2025-10-03T18:41:21-07:00,3,34
resume/index.html,62,html,8db55dcd,qalveen,2025-10-03,18:41:21,-07:00,2025-10-03T18:41:21-07:00,2,3
resume/index.html,63,html,8db55dcd,qalveen,2025-10-03,18:41:21,-07:00,2025-10-03T18:41:21-07:00,1,8
resume/index.html,64,html,8db55dcd,qalveen,2025-10-03,18:41:21,-07:00,2025-10-03T18:41:21-07:00,0,0
resume/index.html,65,html,8db55dcd,qalveen,2025-10-03,18:41:21,-07:00,2025-10-03T18:41:21-07:00,1,20
resume/index.html,66,html,8db55dcd,qalveen,2025-10-03,18:41:21,-07:00,2025-10-03T18:41:21-07:00,1,7
resume/index.html,67,html,8db55dcd,qalveen,2025-10-03,18:41:21,-07:00,2025-10-03T18:41:21-07:00,2,6
resume/index.html,68,html,8db55dcd,qalveen,2025-10-03,18:41:21,-07:00,2025-10-03T18:41:21-07:00,3,12
resume/index.html,69,html,8db55dcd,qalveen,2025-10-03,18:41:21,-07:00,2025-10-03T18:41:21-07:00,2,7
resume/index.html,70,html,8db55dcd,qalveen,2025-10-03,18:41:21,-07:00,2025-10-03T18:41:21-07:00,2,1
resume/index.html,71,html,8db55dcd,qalveen,2025-10-03,18:41:21,-07:00,2025-10-03T18:41:21-07:00,3,76
resume/index.html,72,html,8db55dcd,qalveen,2025-10-03,18:41:21,-07:00,2025-10-03T18:41:21-07:00,3,61
resume/index.html,73,html,8db55dcd,qalveen,2025-10-03,18:41:21,-07:00,2025-10-03T18:41:21-07:00,2,2
resume/index.html,74,html,8db55dcd,qalveen,2025-10-03,18:41:21,-07:00,2025-10-03T18:41:21-07:00,1,8
resume/index.html,75,html,d907976a,qalveen,2025-10-15,16:01:50,-07:00,2025-10-15T16:01:50-07:00,0,0
resume/index.html,76,html,d907976a,qalveen,2025-10-15,16:01:50,-07:00,2025-10-15T16:01:50-07:00,1,48
resume/index.html,77,html,d907976a,qalveen,2025-10-15,16:01:50,-07:00,2025-10-15T16:01:50-07:00,0,0
resume/index.html,78,html,8db55dcd,qalveen,2025-10-03,18:41:21,-07:00,2025-10-03T18:41:21-07:00,0,5
resume/index.html,79,html,8db55dcd,qalveen,2025-10-03,18:41:21,-07:00,2025-10-03T18:41:21-07:00,0,5
projects/projects.js,1,js,54c4f6cd,qalveen,2025-10-31,00:04:17,-07:00,2025-10-31T00:04:17-07:00,0,55
projects/projects.js,2,js,54c4f6cd,qalveen,2025-10-31,00:04:17,-07:00,2025-10-31T00:04:17-07:00,0,63
projects/projects.js,3,js,691a40ca,qalveen,2025-10-24,11:48:00,-07:00,2025-10-24T11:48:00-07:00,0,0
projects/projects.js,4,js,54c4f6cd,qalveen,2025-10-31,00:04:17,-07:00,2025-10-31T00:04:17-07:00,0,43
projects/projects.js,5,js,54c4f6cd,qalveen,2025-10-31,00:04:17,-07:00,2025-10-31T00:04:17-07:00,0,55
projects/projects.js,6,js,54c4f6cd,qalveen,2025-10-31,00:04:17,-07:00,2025-10-31T00:04:17-07:00,0,60
projects/projects.js,7,js,54c4f6cd,qalveen,2025-10-31,00:04:17,-07:00,2025-10-31T00:04:17-07:00,0,55
projects/projects.js,8,js,691a40ca,qalveen,2025-10-24,11:48:00,-07:00,2025-10-24T11:48:00-07:00,0,0
projects/projects.js,9,js,d92d8fd7,qalveen,2025-10-24,18:26:37,-07:00,2025-10-24T18:26:37-07:00,0,84
projects/projects.js,10,js,b4224568,qalveen,2025-10-24,18:22:44,-07:00,2025-10-24T18:22:44-07:00,0,0
projects/projects.js,11,js,691a40ca,qalveen,2025-10-24,11:48:00,-07:00,2025-10-24T11:48:00-07:00,0,0
projects/projects.js,12,js,54c4f6cd,qalveen,2025-10-31,00:04:17,-07:00,2025-10-31T00:04:17-07:00,0,44
projects/projects.js,13,js,54c4f6cd,qalveen,2025-10-31,00:04:17,-07:00,2025-10-31T00:04:17-07:00,0,37
projects/projects.js,14,js,54c4f6cd,qalveen,2025-10-31,00:04:17,-07:00,2025-10-31T00:04:17-07:00,0,64
projects/projects.js,15,js,54c4f6cd,qalveen,2025-10-31,00:04:17,-07:00,2025-10-31T00:04:17-07:00,0,0
projects/projects.js,16,js,54c4f6cd,qalveen,2025-10-31,00:04:17,-07:00,2025-10-31T00:04:17-07:00,0,0
projects/projects.js,17,js,54c4f6cd,qalveen,2025-10-31,00:04:17,-07:00,2025-10-31T00:04:17-07:00,0,49
projects/projects.js,18,js,54c4f6cd,qalveen,2025-10-31,00:04:17,-07:00,2025-10-31T00:04:17-07:00,0,23
projects/projects.js,19,js,54c4f6cd,qalveen,2025-10-31,00:04:17,-07:00,2025-10-31T00:04:17-07:00,1,22
projects/projects.js,20,js,54c4f6cd,qalveen,2025-10-31,00:04:17,-07:00,2025-10-31T00:04:17-07:00,0,0
projects/projects.js,21,js,54c4f6cd,qalveen,2025-10-31,00:04:17,-07:00,2025-10-31T00:04:17-07:00,1,14
projects/projects.js,22,js,54c4f6cd,qalveen,2025-10-31,00:04:17,-07:00,2025-10-31T00:04:17-07:00,1,24
projects/projects.js,23,js,54c4f6cd,qalveen,2025-10-31,00:04:17,-07:00,2025-10-31T00:04:17-07:00,2,39
projects/projects.js,24,js,54c4f6cd,qalveen,2025-10-31,00:04:17,-07:00,2025-10-31T00:04:17-07:00,3,59
projects/projects.js,25,js,54c4f6cd,qalveen,2025-10-31,00:04:17,-07:00,2025-10-31T00:04:17-07:00,3,42
projects/projects.js,26,js,54c4f6cd,qalveen,2025-10-31,00:04:17,-07:00,2025-10-31T00:04:17-07:00,2,1
projects/projects.js,27,js,54c4f6cd,qalveen,2025-10-31,00:04:17,-07:00,2025-10-31T00:04:17-07:00,1,0
projects/projects.js,28,js,54c4f6cd,qalveen,2025-10-31,00:04:17,-07:00,2025-10-31T00:04:17-07:00,0,0
projects/projects.js,29,js,54c4f6cd,qalveen,2025-10-31,00:04:17,-07:00,2025-10-31T00:04:17-07:00,1,18
projects/projects.js,30,js,54c4f6cd,qalveen,2025-10-31,00:04:17,-07:00,2025-10-31T00:04:17-07:00,1,58
projects/projects.js,31,js,54c4f6cd,qalveen,2025-10-31,00:04:17,-07:00,2025-10-31T00:04:17-07:00,2,53
projects/projects.js,32,js,54c4f6cd,qalveen,2025-10-31,00:04:17,-07:00,2025-10-31T00:04:17-07:00,2,68
projects/projects.js,33,js,54c4f6cd,qalveen,2025-10-31,00:04:17,-07:00,2025-10-31T00:04:17-07:00,1,0
projects/projects.js,34,js,54c4f6cd,qalveen,2025-10-31,00:04:17,-07:00,2025-10-31T00:04:17-07:00,0,0
projects/projects.js,35,js,54c4f6cd,qalveen,2025-10-31,00:04:17,-07:00,2025-10-31T00:04:17-07:00,1,53
projects/projects.js,36,js,54c4f6cd,qalveen,2025-10-31,00:04:17,-07:00,2025-10-31T00:04:17-07:00,1,26
projects/projects.js,37,js,54c4f6cd,qalveen,2025-10-31,00:04:17,-07:00,2025-10-31T00:04:17-07:00,2,47
projects/projects.js,38,js,54c4f6cd,qalveen,2025-10-31,00:04:17,-07:00,2025-10-31T00:04:17-07:00,2,53
projects/projects.js,39,js,54c4f6cd,qalveen,2025-10-31,00:04:17,-07:00,2025-10-31T00:04:17-07:00,1,0
projects/projects.js,40,js,54c4f6cd,qalveen,2025-10-31,00:04:17,-07:00,2025-10-31T00:04:17-07:00,0,0
projects/projects.js,41,js,54c4f6cd,qalveen,2025-10-31,00:04:17,-07:00,2025-10-31T00:04:17-07:00,1,48
projects/projects.js,42,js,54c4f6cd,qalveen,2025-10-31,00:04:17,-07:00,2025-10-31T00:04:17-07:00,1,23
projects/projects.js,43,js,54c4f6cd,qalveen,2025-10-31,00:04:17,-07:00,2025-10-31T00:04:17-07:00,0,0
projects/projects.js,44,js,54c4f6cd,qalveen,2025-10-31,00:04:17,-07:00,2025-10-31T00:04:17-07:00,0,0
projects/projects.js,45,js,54c4f6cd,qalveen,2025-10-31,00:04:17,-07:00,2025-10-31T00:04:17-07:00,0,0
projects/projects.js,46,js,54c4f6cd,qalveen,2025-10-31,00:04:17,-07:00,2025-10-31T00:04:17-07:00,0,0
projects/projects.js,47,js,54c4f6cd,qalveen,2025-10-31,00:04:17,-07:00,2025-10-31T00:04:17-07:00,0,52
projects/projects.js,48,js,54c4f6cd,qalveen,2025-10-31,00:04:17,-07:00,2025-10-31T00:04:17-07:00,0,41
projects/projects.js,49,js,54c4f6cd,qalveen,2025-10-31,00:04:17,-07:00,2025-10-31T00:04:17-07:00,0,0
projects/projects.js,50,js,54c4f6cd,qalveen,2025-10-31,00:04:17,-07:00,2025-10-31T00:04:17-07:00,0,36
projects/projects.js,51,js,54c4f6cd,qalveen,2025-10-31,00:04:17,-07:00,2025-10-31T00:04:17-07:00,1,42
projects/projects.js,52,js,54c4f6cd,qalveen,2025-10-31,00:04:17,-07:00,2025-10-31T00:04:17-07:00,1,34
projects/projects.js,53,js,54c4f6cd,qalveen,2025-10-31,00:04:17,-07:00,2025-10-31T00:04:17-07:00,0,0
projects/projects.js,54,js,54c4f6cd,qalveen,2025-10-31,00:04:17,-07:00,2025-10-31T00:04:17-07:00,1,29
projects/projects.js,55,js,54c4f6cd,qalveen,2025-10-31,00:04:17,-07:00,2025-10-31T00:04:17-07:00,1,30
projects/projects.js,56,js,54c4f6cd,qalveen,2025-10-31,00:04:17,-07:00,2025-10-31T00:04:17-07:00,0,0
projects/projects.js,57,js,54c4f6cd,qalveen,2025-10-31,00:04:17,-07:00,2025-10-31T00:04:17-07:00,1,28
projects/projects.js,58,js,54c4f6cd,qalveen,2025-10-31,00:04:17,-07:00,2025-10-31T00:04:17-07:00,2,10
projects/projects.js,59,js,54c4f6cd,qalveen,2025-10-31,00:04:17,-07:00,2025-10-31T00:04:17-07:00,2,14
projects/projects.js,60,js,54c4f6cd,qalveen,2025-10-31,00:04:17,-07:00,2025-10-31T00:04:17-07:00,2,11
projects/projects.js,61,js,54c4f6cd,qalveen,2025-10-31,00:04:17,-07:00,2025-10-31T00:04:17-07:00,1,0
projects/projects.js,62,js,54c4f6cd,qalveen,2025-10-31,00:04:17,-07:00,2025-10-31T00:04:17-07:00,0,0
projects/projects.js,63,js,54c4f6cd,qalveen,2025-10-31,00:04:17,-07:00,2025-10-31T00:04:17-07:00,1,51
projects/projects.js,64,js,54c4f6cd,qalveen,2025-10-31,00:04:17,-07:00,2025-10-31T00:04:17-07:00,2,10
projects/projects.js,65,js,54c4f6cd,qalveen,2025-10-31,00:04:17,-07:00,2025-10-31T00:04:17-07:00,2,11
projects/projects.js,66,js,54c4f6cd,qalveen,2025-10-31,00:04:17,-07:00,2025-10-31T00:04:17-07:00,1,2
projects/projects.js,67,js,54c4f6cd,qalveen,2025-10-31,00:04:17,-07:00,2025-10-31T00:04:17-07:00,0,0
projects/projects.js,68,js,54c4f6cd,qalveen,2025-10-31,00:04:17,-07:00,2025-10-31T00:04:17-07:00,1,46
projects/projects.js,69,js,54c4f6cd,qalveen,2025-10-31,00:04:17,-07:00,2025-10-31T00:04:17-07:00,1,53
projects/projects.js,70,js,54c4f6cd,qalveen,2025-10-31,00:04:17,-07:00,2025-10-31T00:04:17-07:00,1,39
projects/projects.js,71,js,54c4f6cd,qalveen,2025-10-31,00:04:17,-07:00,2025-10-31T00:04:17-07:00,1,49
projects/projects.js,72,js,54c4f6cd,qalveen,2025-10-31,00:04:17,-07:00,2025-10-31T00:04:17-07:00,0,0
projects/projects.js,73,js,54c4f6cd,qalveen,2025-10-31,00:04:17,-07:00,2025-10-31T00:04:17-07:00,1,27
projects/projects.js,74,js,54c4f6cd,qalveen,2025-10-31,00:04:17,-07:00,2025-10-31T00:04:17-07:00,2,16
projects/projects.js,75,js,54c4f6cd,qalveen,2025-10-31,00:04:17,-07:00,2025-10-31T00:04:17-07:00,3,21
projects/projects.js,76,js,54c4f6cd,qalveen,2025-10-31,00:04:17,-07:00,2025-10-31T00:04:17-07:00,3,22
projects/projects.js,77,js,54c4f6cd,qalveen,2025-10-31,00:04:17,-07:00,2025-10-31T00:04:17-07:00,3,51
projects/projects.js,78,js,54c4f6cd,qalveen,2025-10-31,00:04:17,-07:00,2025-10-31T00:04:17-07:00,3,18
projects/projects.js,79,js,54c4f6cd,qalveen,2025-10-31,00:04:17,-07:00,2025-10-31T00:04:17-07:00,4,43
projects/projects.js,80,js,54c4f6cd,qalveen,2025-10-31,00:04:17,-07:00,2025-10-31T00:04:17-07:00,4,37
projects/projects.js,81,js,54c4f6cd,qalveen,2025-10-31,00:04:17,-07:00,2025-10-31T00:04:17-07:00,3,1
projects/projects.js,82,js,54c4f6cd,qalveen,2025-10-31,00:04:17,-07:00,2025-10-31T00:04:17-07:00,1,1
projects/projects.js,83,js,54c4f6cd,qalveen,2025-10-31,00:04:17,-07:00,2025-10-31T00:04:17-07:00,0,0
projects/projects.js,84,js,54c4f6cd,qalveen,2025-10-31,00:04:17,-07:00,2025-10-31T00:04:17-07:00,1,34
projects/projects.js,85,js,54c4f6cd,qalveen,2025-10-31,00:04:17,-07:00,2025-10-31T00:04:17-07:00,2,17
projects/projects.js,86,js,54c4f6cd,qalveen,2025-10-31,00:04:17,-07:00,2025-10-31T00:04:17-07:00,3,70
projects/projects.js,87,js,54c4f6cd,qalveen,2025-10-31,00:04:17,-07:00,2025-10-31T00:04:17-07:00,3,38
projects/projects.js,88,js,54c4f6cd,qalveen,2025-10-31,00:04:17,-07:00,2025-10-31T00:04:17-07:00,3,68
projects/projects.js,89,js,54c4f6cd,qalveen,2025-10-31,00:04:17,-07:00,2025-10-31T00:04:17-07:00,3,18
projects/projects.js,90,js,54c4f6cd,qalveen,2025-10-31,00:04:17,-07:00,2025-10-31T00:04:17-07:00,4,47
projects/projects.js,91,js,54c4f6cd,qalveen,2025-10-31,00:04:17,-07:00,2025-10-31T00:04:17-07:00,4,37
projects/projects.js,92,js,54c4f6cd,qalveen,2025-10-31,00:04:17,-07:00,2025-10-31T00:04:17-07:00,3,1
projects/projects.js,93,js,54c4f6cd,qalveen,2025-10-31,00:04:17,-07:00,2025-10-31T00:04:17-07:00,1,1
projects/projects.js,94,js,54c4f6cd,qalveen,2025-10-31,00:04:17,-07:00,2025-10-31T00:04:17-07:00,0,0
projects/projects.js,95,js,54c4f6cd,qalveen,2025-10-31,00:04:17,-07:00,2025-10-31T00:04:17-07:00,0,0
projects/projects.js,96,js,54c4f6cd,qalveen,2025-10-31,00:04:17,-07:00,2025-10-31T00:04:17-07:00,0,0
projects/projects.js,97,js,54c4f6cd,qalveen,2025-10-31,00:04:17,-07:00,2025-10-31T00:04:17-07:00,0,0
projects/projects.js,98,js,54c4f6cd,qalveen,2025-10-31,00:04:17,-07:00,2025-10-31T00:04:17-07:00,0,68
projects/projects.js,99,js,54c4f6cd,qalveen,2025-10-31,00:04:17,-07:00,2025-10-31T00:04:17-07:00,0,48
projects/projects.js,100,js,54c4f6cd,qalveen,2025-10-31,00:04:17,-07:00,2025-10-31T00:04:17-07:00,1,39
projects/projects.js,101,js,54c4f6cd,qalveen,2025-10-31,00:04:17,-07:00,2025-10-31T00:04:17-07:00,1,45
projects/projects.js,102,js,54c4f6cd,qalveen,2025-10-31,00:04:17,-07:00,2025-10-31T00:04:17-07:00,0,1
projects/projects.js,103,js,54c4f6cd,qalveen,2025-10-31,00:04:17,-07:00,2025-10-31T00:04:17-07:00,0,0
projects/projects.js,104,js,54c4f6cd,qalveen,2025-10-31,00:04:17,-07:00,2025-10-31T00:04:17-07:00,0,0
projects/projects.js,105,js,54c4f6cd,qalveen,2025-10-31,00:04:17,-07:00,2025-10-31T00:04:17-07:00,0,15
projects/projects.js,106,js,54c4f6cd,qalveen,2025-10-31,00:04:17,-07:00,2025-10-31T00:04:17-07:00,0,13
projects/index.html,1,html,bd1fbb82,qalveen,2025-10-03,18:25:52,-07:00,2025-10-03T18:25:52-07:00,0,13
projects/index.html,2,html,bd1fbb82,qalveen,2025-10-03,18:25:52,-07:00,2025-10-03T18:25:52-07:00,0,14
projects/index.html,3,html,07b83b77,qalveen,2025-10-15,16:13:24,-07:00,2025-10-15T16:13:24-07:00,0,0
projects/index.html,4,html,bd1fbb82,qalveen,2025-10-03,18:25:52,-07:00,2025-10-03T18:25:52-07:00,0,4
projects/index.html,5,html,bd1fbb82,qalveen,2025-10-03,18:25:52,-07:00,2025-10-03T18:25:52-07:00,1,20
projects/index.html,6,html,bd1fbb82,qalveen,2025-10-03,18:25:52,-07:00,2025-10-03T18:25:52-07:00,1,68
projects/index.html,7,html,691a40ca,qalveen,2025-10-24,11:48:00,-07:00,2025-10-24T11:48:00-07:00,1,36
projects/index.html,8,html,7d7b0724,qalveen,2025-10-10,16:15:27,-07:00,2025-10-10T16:15:27-07:00,1,41
projects/index.html,9,html,bd1fbb82,qalveen,2025-10-03,18:25:52,-07:00,2025-10-03T18:25:52-07:00,0,5
projects/index.html,10,html,d471c824,qalveen,2025-10-10,16:50:12,-07:00,2025-10-10T16:50:12-07:00,0,0
projects/index.html,11,html,691a40ca,qalveen,2025-10-24,11:48:00,-07:00,2025-10-24T11:48:00-07:00,0,4
projects/index.html,12,html,d471c824,qalveen,2025-10-10,16:50:12,-07:00,2025-10-10T16:50:12-07:00,0,0
projects/index.html,13,html,691a40ca,qalveen,2025-10-24,11:48:00,-07:00,2025-10-24T11:48:00-07:00,1,38
projects/index.html,14,html,d471c824,qalveen,2025-10-10,16:50:12,-07:00,2025-10-10T16:50:12-07:00,0,0
projects/index.html,15,html,54c4f6cd,qalveen,2025-10-31,00:04:17,-07:00,2025-10-31T00:04:17-07:00,1,35
projects/index.html,16,html,54c4f6cd,qalveen,2025-10-31,00:04:17,-07:00,2025-10-31T00:04:17-07:00,1,25
projects/index.html,17,html,54c4f6cd,qalveen,2025-10-31,00:04:17,-07:00,2025-10-31T00:04:17-07:00,2,58
projects/index.html,18,html,54c4f6cd,qalveen,2025-10-31,00:04:17,-07:00,2025-10-31T00:04:17-07:00,2,22
projects/index.html,19,html,54c4f6cd,qalveen,2025-10-31,00:04:17,-07:00,2025-10-31T00:04:17-07:00,1,4
projects/index.html,20,html,54c4f6cd,qalveen,2025-10-31,00:04:17,-07:00,2025-10-31T00:04:17-07:00,0,0
projects/index.html,21,html,54c4f6cd,qalveen,2025-10-31,00:04:17,-07:00,2025-10-31T00:04:17-07:00,0,0
projects/index.html,22,html,54c4f6cd,qalveen,2025-10-31,00:04:17,-07:00,2025-10-31T00:04:17-07:00,0,4
projects/index.html,23,html,54c4f6cd,qalveen,2025-10-31,00:04:17,-07:00,2025-10-31T00:04:17-07:00,1,15
projects/index.html,24,html,54c4f6cd,qalveen,2025-10-31,00:04:17,-07:00,2025-10-31T00:04:17-07:00,1,11
projects/index.html,25,html,54c4f6cd,qalveen,2025-10-31,00:04:17,-07:00,2025-10-31T00:04:17-07:00,1,26
projects/index.html,26,html,54c4f6cd,qalveen,2025-10-31,00:04:17,-07:00,2025-10-31T00:04:17-07:00,1,31
projects/index.html,27,html,54c4f6cd,qalveen,2025-10-31,00:04:17,-07:00,2025-10-31T00:04:17-07:00,0,0
projects/index.html,28,html,54c4f6cd,qalveen,2025-10-31,00:04:17,-07:00,2025-10-31T00:04:17-07:00,0,0
projects/index.html,29,html,54c4f6cd,qalveen,2025-10-31,00:04:17,-07:00,2025-10-31T00:04:17-07:00,0,26
projects/index.html,30,html,54c4f6cd,qalveen,2025-10-31,00:04:17,-07:00,2025-10-31T00:04:17-07:00,0,0
projects/index.html,31,html,54c4f6cd,qalveen,2025-10-31,00:04:17,-07:00,2025-10-31T00:04:17-07:00,1,44
projects/index.html,32,html,691a40ca,qalveen,2025-10-24,11:48:00,-07:00,2025-10-24T11:48:00-07:00,1,26
projects/index.html,33,html,d471c824,qalveen,2025-10-10,16:50:12,-07:00,2025-10-10T16:50:12-07:00,0,0
projects/index.html,34,html,54c4f6cd,qalveen,2025-10-31,00:04:17,-07:00,2025-10-31T00:04:17-07:00,1,17
projects/index.html,35,html,d907976a,qalveen,2025-10-15,16:01:50,-07:00,2025-10-15T16:01:50-07:00,1,48
projects/index.html,36,html,691a40ca,qalveen,2025-10-24,11:48:00,-07:00,2025-10-24T11:48:00-07:00,1,47
projects/index.html,37,html,d907976a,qalveen,2025-10-15,16:01:50,-07:00,2025-10-15T16:01:50-07:00,0,0
projects/index.html,38,html,bd1fbb82,qalveen,2025-10-03,18:25:52,-07:00,2025-10-03T18:25:52-07:00,0,5
projects/index.html,39,html,54c4f6cd,qalveen,2025-10-31,00:04:17,-07:00,2025-10-31T00:04:17-07:00,0,5
contact/index.html,1,html,bd1fbb82,qalveen,2025-10-03,18:25:52,-07:00,2025-10-03T18:25:52-07:00,0,13
contact/index.html,2,html,bd1fbb82,qalveen,2025-10-03,18:25:52,-07:00,2025-10-03T18:25:52-07:00,0,14
contact/index.html,3,html,07b83b77,qalveen,2025-10-15,16:13:24,-07:00,2025-10-15T16:13:24-07:00,0,0
contact/index.html,4,html,bd1fbb82,qalveen,2025-10-03,18:25:52,-07:00,2025-10-03T18:25:52-07:00,0,4
contact/index.html,5,html,bd1fbb82,qalveen,2025-10-03,18:25:52,-07:00,2025-10-03T18:25:52-07:00,1,20
contact/index.html,6,html,bd1fbb82,qalveen,2025-10-03,18:25:52,-07:00,2025-10-03T18:25:52-07:00,1,68
contact/index.html,7,html,bd1fbb82,qalveen,2025-10-03,18:25:52,-07:00,2025-10-03T18:25:52-07:00,1,31
contact/index.html,8,html,7d7b0724,qalveen,2025-10-10,16:15:27,-07:00,2025-10-10T16:15:27-07:00,1,41
contact/index.html,9,html,bd1fbb82,qalveen,2025-10-03,18:25:52,-07:00,2025-10-03T18:25:52-07:00,0,5
contact/index.html,10,html,bd1fbb82,qalveen,2025-10-03,18:25:52,-07:00,2025-10-03T18:25:52-07:00,0,4
contact/index.html,11,html,bd1fbb82,qalveen,2025-10-03,18:25:52,-07:00,2025-10-03T18:25:52-07:00,0,0
contact/index.html,12,html,bd1fbb82,qalveen,2025-10-03,18:25:52,-07:00,2025-10-03T18:25:52-07:00,1,14
contact/index.html,13,html,bd1fbb82,qalveen,2025-10-03,18:25:52,-07:00,2025-10-03T18:25:52-07:00,1,35
contact/index.html,14,html,d907976a,qalveen,2025-10-15,16:01:50,-07:00,2025-10-15T16:01:50-07:00,0,0
contact/index.html,15,html,d907976a,qalveen,2025-10-15,16:01:50,-07:00,2025-10-15T16:01:50-07:00,1,48
contact/index.html,16,html,d907976a,qalveen,2025-10-15,16:01:50,-07:00,2025-10-15T16:01:50-07:00,0,0
contact/index.html,17,html,bd1fbb82,qalveen,2025-10-03,18:25:52,-07:00,2025-10-03T18:25:52-07:00,0,5
contact/index.html,18,html,bd1fbb82,qalveen,2025-10-03,18:25:52,-07:00,2025-10-03T18:25:52-07:00,0,5
contact/index.html,19,html,e400c199,qalveen,2025-10-03,18:34:04,-07:00,2025-10-03T18:34:04-07:00,0,0
contact/index.html,20,html,11e2b395,qalveen,2025-10-15,17:10:32,-07:00,2025-10-15T17:10:32-07:00,0,50
contact/index.html,21,html,e400c199,qalveen,2025-10-03,18:34:04,-07:00,2025-10-03T18:34:04-07:00,1,5
contact/index.html,22,html,11e2b395,qalveen,2025-10-15,17:10:32,-07:00,2025-10-15T17:10:32-07:00,2,19
contact/index.html,23,html,e400c199,qalveen,2025-10-03,18:34:04,-07:00,2025-10-03T18:34:04-07:00,2,29
contact/index.html,24,html,e400c199,qalveen,2025-10-03,18:34:04,-07:00,2025-10-03T18:34:04-07:00,1,6
contact/index.html,25,html,e400c199,qalveen,2025-10-03,18:34:04,-07:00,2025-10-03T18:34:04-07:00,0,0
contact/index.html,26,html,e400c199,qalveen,2025-10-03,18:34:04,-07:00,2025-10-03T18:34:04-07:00,1,5
contact/index.html,27,html,11e2b395,qalveen,2025-10-15,17:10:32,-07:00,2025-10-15T17:10:32-07:00,2,19
contact/index.html,28,html,11e2b395,qalveen,2025-10-15,17:10:32,-07:00,2025-10-15T17:10:32-07:00,2,49
contact/index.html,29,html,e400c199,qalveen,2025-10-03,18:34:04,-07:00,2025-10-03T18:34:04-07:00,1,6
contact/index.html,30,html,e400c199,qalveen,2025-10-03,18:34:04,-07:00,2025-10-03T18:34:04-07:00,0,0
contact/index.html,31,html,11e2b395,qalveen,2025-10-15,17:10:32,-07:00,2025-10-15T17:10:32-07:00,1,33
contact/index.html,32,html,e400c199,qalveen,2025-10-03,18:34:04,-07:00,2025-10-03T18:34:04-07:00,0,5
contact/index.html,33,html,e400c199,qalveen,2025-10-03,18:34:04,-07:00,2025-10-03T18:34:04-07:00,0,0
